num,group,name
1,ข้าว,ดอหอม 48-1-48
2,ข้าว,หอมเสวย 659-1-42
3,ข้าว,หอมนางดำ 32-21-55
4,ข้าว,หอม 291-1-25
5,ข้าว,เจ้าหอม
6,ข้าว,รีหอม 110-26-77
7,ข้าว,เจ้าหอม
8,ข้าว,เจ้าหอม
9,ข้าว,หอมจันทร์
10,ข้าว,หอมมะลิ
11,ข้าว,หอมเศรษฐี
12,ข้าว,ดอหอม
13,ข้าว,เหลืองหอม
14,ข้าว,หอมพม่า
15,ข้าว,ข้ามหอม
16,ข้าว,หอมนางนวล
17,ข้าว,หอมทุ่ง
18,ข้าว,หอมมาล่า
19,ข้าว,หอมมะลิ
20,ข้าว,หอมหืด
21,ข้าว,แหมะหอม
22,ข้าว,หอมจันทร์
23,ข้าว,หอมแม่โจ้
24,ข้าว,บัวหอม
25,ข้าว,หอมจันทร์
26,ข้าว,ข้าวหอม
27,ข้าว,ข้าวหอม
28,ข้าว,ข้าวหอม
29,ข้าว,ข้าวหอม
30,ข้าว,ข้าวหอม
31,ข้าว,ข้าวหอม
32,ข้าว,ข้าวหอม
33,ข้าว,ข้าวหอม
34,ข้าว,ข้าวหอม
35,ข้าว,ข้าวหอม
36,ข้าว,ข้าวหอม
37,ข้าว,ข้าวหอม
38,ข้าว,ข้าวหอม
39,ข้าว,ข้าวหอม
40,ข้าว,ข้าวหอม
41,ข้าว,ข้าวหอม
42,ข้าว,ข้าวหอม
43,ข้าว,ข้าวหอม
44,ข้าว,ข้าวหอม
45,ข้าว,ข้าวหอม
46,ข้าว,ข้าวหอม
47,ข้าว,ข้าวหอม
48,ข้าว,ข้าวหอม
49,ข้าว,ข้าวหอม
50,ข้าว,ข้าวหอม
51,ข้าว,ข้าวหอม
52,ข้าว,ข้าวหอม
53,ข้าว,ข้าวหอม
54,ข้าว,ข้าวหอม
55,ข้าว,หอมครัว
56,ข้าว,เหลืองหอม
57,ข้าว,หอมทอง
58,ข้าว,ดอหอม
59,ข้าว,ดอหอม
60,ข้าว,เหลืองหอม
61,ข้าว,เหนียวหอม
62,ข้าว,หอมดง
63,ข้าว,หอมสุรินทร์
64,ข้าว,เหลืองหอม
65,ข้าว,หอมกุ่ย
66,ข้าว,หอมจันทร์
67,ข้าว,หอมบาง
68,ข้าว,หอมทุง
69,ข้าว,เหลืองหอม
70,ข้าว,เบาหอม
71,ข้าว,หอมมะลิ
72,ข้าว,หอมนายพล
73,ข้าว,หอมเมล็ดเล็ก
74,ข้าว,หอมจันทร์
75,ข้าว,หอมจันทร์
76,ข้าว,หอมมะลิ
77,ข้าว,หอมนางมล
78,ข้าว,ขาวหอม
79,ข้าว,ขาวหอม
80,ข้าว,หอมมะลิ
81,ข้าว,เหลืองหอม
82,ข้าว,หอมจันทร์
83,ข้าว,หอมปลาซิว
84,ข้าว,เหลืองหอม
85,ข้าว,หอมสวน
86,ข้าว,หอมมะลิ
87,ข้าว,หอมมะลิ
88,ข้าว,หอมมะลิ
89,ข้าว,หอมมะลิ
90,ข้าว,หอมเขมร
91,ข้าว,หอม
92,ข้าว,เบาหอม
93,ข้าว,หอมสุรินทร์
94,ข้าว,หอมมะลิ 105
95,ข้าว,หอมเมืองเพชร
96,ข้าว,ดอหอม
97,ข้าว,หมากหอม
98,ข้าว,หอมไร่
99,ข้าว,ขาวหอม
100,ข้าว,หอมแก่นจันทร์
101,ข้าว,ปัดหิน 39-12-7
102,ข้าว,เมืองพาน
103,ข้าว,นางสวน 29-14-55
104,ข้าว,เหลืองใหญ่
105,ข้าว,หอมกาบบั้ง 31-20-37
106,ข้าว,เจ๊กเชย 16-14-35
107,ข้าว,ขาวนาปรัง 126-18E-160
108,ข้าว,งาเสี้ยน
109,ข้าว,เหลืองขมิ้น
110,ข้าว,บินทพันธ์
111,ข้าว,ซิวลำปาง 264-22-16
112,ข้าว,ดอกพยอม
113,ข้าว,บักม่วย
114,ข้าว,หลวงประทานเตี้ย
115,ข้าว,เหลืองระแหง
116,ข้าว,ขาวปากหม้อ
117,ข้าว,ขาวปลาไหล
118,ข้าว,หางปลาไหล
119,ข้าว,เหลืองบังใบ
120,ข้าว,เม็ดยาว
121,ข้าว,ขาวปากกระบอก
122,ข้าว,ข้าวไทร
123,ข้าว,เล็บนก
124,ข้าว,เหนียวแก่นจันทร์
125,ข้าว,ซมดำ
126,ข้าว,สามเดือน
127,ข้าว,ม้าตืด
128,ข้าว,สันป่าตองธรรมดา
129,ข้าว,ดอหอม
130,ข้าว,ดอไฮ
131,ข้าว,คดขาว
132,ข้าว,นางแจ่ม
133,ข้าว,เหลืองหอม
134,ข้าว,พญาชม
135,ข้าว,หอมนายพล
136,ข้าว,ขาวกอเดียว
137,ข้าว,เหลืองหลวง
138,ข้าว,ขาวมะลิ
139,ข้าว,หางยี
140,ข้าว,เจ้าแดง
141,ข้าว,ข้าวไร่
142,ข้าว,ข้าวเหนียว
143,ข้าว,เอยหว่องพุดุ้ง
144,ข้าว,บึ้งเองว้องอัว
145,ข้าว,หอมพวง
146,ข้าว,บืออัวผู้
147,ข้าว,เหลืองไห้
148,ข้าว,เหนือแพร่
149,ข้าว,เหนียวลาย
150,ข้าว,เหนียวแดง
151,ข้าว,ห้องทอง
152,ข้าว,หอม
153,ข้าว,เหนียวลันตัน
154,ข้าว,ศรีนวล
155,ข้าว,พวงนาค
156,ข้าว,บือวาโว
157,ข้าว,ใบตก
158,ข้าว,เหลืองทอง
159,ข้าว,เทวดา
160,ข้าว,เจ้าเทพราช
161,ข้าว,แพร่
162,ข้าว,นางขาว
163,ข้าว,พม่า
164,ข้าว,หนอนหัก
165,ข้าว,เข็มทอง
166,ข้าว,เชียงดาว
167,ข้าว,ข้าวก่ำ
168,ข้าว,บือบอง
169,ข้าว,บือบองหฌ่อง
170,ข้าว,เจ้าดำ
171,ข้าว,นางบุญมา
172,ข้าว,พวงหางเห็น
173,ข้าว,ดอเหลือง
174,ข้าว,ดีหนึ่ง
175,ข้าว,อียี่
176,ข้าว,เหลืองอ่อน
177,ข้าว,ไม่ทราบชื่อ
178,ข้าว,เบล้โจะขู่
179,ข้าว,สายันต์
180,ข้าว,ปล้องแอ้ว
181,ข้าว,อีตั๊บ
182,ข้าว,แผ่ไร่
183,ข้าว,ข้าวฮ้าว
184,ข้าว,ก่ำไร่
185,ข้าว,อีลายใหญ่
186,ข้าว,ปลาซิวแดง
187,ข้าว,ข้าวดำ
188,ข้าว,พญาลืมแกง
189,ข้าว,ดอกดู่
190,ข้าว,ขาวแดง
191,ข้าว,อีลายดำ
192,ข้าว,ปลาซิวหาง
193,ข้าว,ลายซาน
194,ข้าว,ฮ้าวขาว
195,ข้าว,ดอขาว
196,ข้าว,ดอกพุด
197,ข้าว,เจ้าพะแล
198,ข้าว,บือกิโพ
199,ข้าว,เบล้ละ
200,ข้าว,เบล้เปล่าละ
201,ข้าว,เล็บมือนาง 111
202,ข้าว,ขาวตาแห้ง 17
203,ข้าว,เก้ารวง 88
204,ข้าว,ปิ่นแก้ว 56
205,ข้าว,นางมล เอส-4
206,ข้าว,เหนียวสันป่าตอง
207,ข้าว,กข1
208,ข้าว,กข2
209,ข้าว,กข5
210,ข้าว,เหลืองใหญ่ 148
211,ข้าว,นางฉลอง
212,ข้าว,กข4
213,ข้าว,กข9
214,ข้าว,สุรินทร์1
215,ข้าว,กข6
216,ข้าว,กข13
217,ข้าว,แก่นจันทร์
218,ข้าว,กข19
219,ข้าว,ซิวแม่จัน
220,ข้าว,กู้เมืองหลวง
221,ข้าว,ดอกพยอม
222,ข้าว,กข21
223,ข้าว,กข25
224,ข้าว,เหลืองประทิว 123
225,ข้าว,กข27
226,ข้าว,หางยี 71
227,ข้าว,เจ้าฮ่อ
228,ข้าว,ขาวปากหม้อ 148
229,ข้าว,กข11
230,ข้าว,ขาวดอกมะลิ 105
231,ข้าว,สุพรรณบุรี 1
232,ข้าว,สุพรรณบุรี 3
233,ข้าว,น้ำสะกุย 19
234,ข้าว,พิษณุโลก 60-1
235,ข้าว,พิษณุโลก 60-2
236,ข้าว,ชุมแพ 60
237,ข้าว,อาร์ 258
238,ข้าว,สุพรรณบุรี 60
239,ข้าว,หันตรา 60
240,ข้าว,ตะเภาแก้ว 161
241,ข้าว,ปทุมธานี 60
242,ข้าว,กข7
243,ข้าว,พวงไร่ 2
244,ข้าว,กข23
245,ข้าว,กข15
246,ข้าว,เหมยนอง 62 เอ็ม
247,ข้าว,สุพรรณบุรี 90
248,ข้าว,ชัยนาท 1
249,ข้าว,สุพรรณบุรี 2
250,ข้าว,พลายงามปราจีนบุรี
251,ข้าว,กข10
252,ข้าว,กข3
253,ข้าว,ขาวโป่งไคร้
254,ข้าว,เล็บนกปัตตานี
255,ข้าว,ลูกแดงปัตตานี
256,ข้าว,เฉี้ยงพัทลุง
257,ข้าว,กข8
258,ข้าว,เจ้าหอมคลองหลวง 1
259,ข้าว,เจ้าหอมสุพรรณบุรี
260,ข้าว,ปราจีนบุรี 1
261,ข้าว,เหนียวอุบล 1
262,ข้าว,เหนียวอุบล 2
263,ข้าว,เจ้าหอมพิษณุโลก 1
264,ข้าว,น้ำรู
265,ข้าว,ปทุมธานี 1
266,ข้าว,ชัยนาท 2
267,ข้าว,กข29
268,ข้าว,สันป่าตอง 1
269,ข้าว,พิษณุโลก 2
270,ข้าว,ปราจีนบุรี 2
271,ข้าว,บางแตน
272,ข้าว,กข37
273,ข้าว,กข39
274,ข้าว,กข41
275,ข้าว,กข43
276,ข้าว,ขาวกอเดียว 35
277,ข้าว,กข45
278,ข้าว,กข47
279,ข้าว,ช่อลุง 97
280,ข้าว,ข้าวเหนียวลืมผัว
281,ข้าว,กข12
282,ข้าว,กข14
283,ข้าว,กขผ1
284,ข้าว,อยุธยา 1
285,ข้าว,สังข์หยดพัทลุง
286,ข้าว,ขาวบ้านนา 432
287,ข้าว,ไข่มดริ้น 3
288,ข้าว,เหนียวดำช่อไม้ไผ่ 49
289,ข้าว,เจ้าขาวเชียงใหม่
290,ข้าว,เจ้าลีซอสันป่าตอง
291,ข้าว,กขผ3
292,ข้าว,กวก2
293,ข้าว,กข51
294,ข้าว,กข49
295,ข้าว,เข็มทองพัทลุง
296,ข้าว,กข55
297,ข้าว,กวก1
298,ข้าว,กข16
299,ข้าว,กข53
300,ข้าว,เจ๊กเชย 1
301,กล้วย,กล้วยไข่
302,กล้วย,กล้วยไข่เกษตรศาสตร์ 2
303,กล้วย,กล้วยไข่พระตะบอง
304,กล้วย,กล้วยน้ำว้าปากช่อง 50
305,กล้วย,กล้วยน้ำว้าค่อม
306,กล้วย,กล้วยน้ำว้ามะลิอ่อง
307,กล้วย,กล้วยน้ำว้าตะนาวศรี
308,กล้วย,กล้วยน้ำว้าเงิน
309,กล้วย,กล้วยน้ำว้าดำ
310,กล้วย,กล้วยน้ำว้าทองมาเอง
311,กล้วย,กล้วยน้ำโว้
312,กล้วย,กล้วยเล็บมือนาง
313,กล้วย,กล้วยหอมทอง
314,กล้วย,กล้วยหอมเขียว
315,กล้วย,กล้วยหอมเขียวค่อม
316,กล้วย,กล้วยหักมุกขาว
317,กล้วย,กล้วยหักมุกเขียว
318,กล้วย,กล้วยหักมุกทอง
319,กล้วย,กล้วยหิน
320,กล้วย,กล้วยตานีอิสาน
321,กล้วย,กล้วยตานีเหนือ
322,กล้วย,กล้วยตานีใต้
323,กล้วย,กล้วยตานีดำ
324,กล้วย,กล้วยหอมเขียวสูง
325,กล้วย,กล้วยหอมเขียวยักษ์
326,กล้วย,กล้วยหอมไต้หวัน
327,กล้วย,กล้วยหอมซุปเปอร์แคระ
328,กล้วย,กล้วยหอมเสียนเซียนเจียว 1
329,กล้วย,กล้วยหอมทองอยุธยา
330,กล้วย,กล้วยหอมไฮเกท
331,กล้วย,กล้วยหอมมาฮอย
332,กล้วย,กล้วยหอมทองป่า
333,กล้วย,กล้วยหอมปิซังอัมเปรียง
334,กล้วย,กล้วยหอมคอคด
335,กล้วย,กล้วยหอม PHIA03
336,กล้วย,กล้วยหอมลามัท
337,กล้วย,กล้วยหอมเสียนเซียนเจียว 2
338,กล้วย,กล้วยหอมน้ำผึ้ง
339,กล้วย,กล้วยหอมศรีสะเกษ
340,กล้วย,กล้วยหอมแอฟฟริกัน
341,กล้วย,กล้วยหอมภูพาน
342,กล้วย,กล้วยหอมพระประแดง
343,กล้วย,กล้วยหอมกระเหรี่ยง
344,กล้วย,กล้วยน้ำว้าด่าง
345,กล้วย,กล้วยน้ำว้าเหลือง
346,กล้วย,กล้วยน้ำว้าไส้แดง
347,กล้วย,กล้วยน้ำว้าไส้เหลือง
348,กล้วย,กล้วยน้ำว้าชุมพร
349,กล้วย,กล้วยน้ำว้าตานี
350,กล้วย,กล้วยน้ำว้าป่าโมก
351,กล้วย,กล้วยน้ำว้าท่าใหม่
352,กล้วย,กล้วยไข่ทองเงย
353,กล้วย,กล้วยไข่ตะกุ่ย
354,กล้วย,กล้วยหักมุกสวน
355,กล้วย,กล้วยหักมุกแขก
356,กล้วย,กล้วยหักมุกเขียวนวล
357,กล้วย,กล้วยหักมุกพม่า
358,กล้วย,กล้วยตานีด่าง
359,กล้วย,กล้วยตานีกีบม้า
360,กล้วย,กล้วยตานีกิ่วจันทร์
361,กล้วย,กล้วยตานีสุโขทัย
362,กล้วย,กล้วยหอมฟลอริด้า
363,กล้วย,กล้วยหอมแกรนเนล
364,กล้วย,กล้วยหอมกุ้งเขียว
365,กล้วย,กล้วยไข่ทองร่วง
366,กล้วย,กล้วยน้ำว้าปราจีน
367,กล้วย,กล้วยน้ำว้านวลจันทร์
368,กล้วย,กล้วยน้ำว้ากาบขาว
369,กล้วย,กล้วยน้ำว้าตำนวล
370,กล้วย,กล้วยน้ำว้ายักษ์
371,กล้วย,กล้วยหอมยักษ์เขียว
372,กล้วย,กล้วยหอมเสียนเซียนเจียว
373,กล้วย,กล้วยหอมไฮเกท
374,กล้วย,กล้วยไข่รักษา
375,กล้วย,กล้วยน้ำว้าไส้ดำ
376,,
377,กล้วย,กล้วยหักมุกแขก 1
378,กล้วย,กล้วยหักมุกแขก 2
379,กล้วย,กล้วยหอม
380,กล้วย,กล้วยไข่กำแพงเพชร
381,กล้วย,กล้วยหอมฮ่องแต้
382,,
383,,
384,,
385,,
386,,
387,,
388,,
389,ปลา,ปากกลม
390,ปลา,ฉลามม้าลาย
391,ปลา,Spotted wobbegong
392,ปลา,ฉลาม
393,ปลา,ฉลามกบ
394,ปลา,ฉลามกบ
395,ปลา,ฉลามลาย
396,ปลา,ฉลามลายเสือน้ำตาล
397,ปลา,"ปลาฉลามลาย,ฉลามเสือ,เสือทะเล"
398,ปลา,ฉลามขี้เซา
399,ปลา,ปลาฉลามวาฬ
400,ปลา,ฉลามเสื้อทราย
401,ปลา,Megamouth shark 
402,ปลา,ฉลามหางดาบ
403,ปลา,Thresher
404,ปลา,Bigeye thresher
405,ปลา,Shortfin mako
406,ปลา,Brownspotted catshark
407,ปลา,ฉลาม
408,ปลา,ฉลามลายหินอ่อน
409,ปลา,ฉลามลายหินอ่อน
410,ปลา,Bristly catshark
411,ปลา,Blackspotted catshark
412,ปลา,ฉลามลายหินอ่อนอันดามัน
413,ปลา,ฉลามหนู
414,ปลา,ฉลามหนู
415,ปลา,ปลาฉลามหนูสีเทา
416,ปลา,ฉลามหมาจุดขาว
417,ปลา,Arabian smooth-hound 
418,ปลา,Snaggletooth shark
419,ปลา,Straight-tooth weasel shark
420,ปลา,ฉลามหนู  ฉลามหัวแหลม
421,ปลา,ฉลามหัวแหลม
422,ปลา,Blue shark
423,ปลา,Spadenose shark 
424,ปลา,ฉลามเสือ
425,ปลา,ฉลามเสือ
426,ปลา,ฉลามทราย
427,ปลา,ฉลาม
428,ปลา,ฉลามจมูกโต
429,ปลา,ฉลามตาเล็ก
430,ปลา,ฉลามครีบเงิน
431,ปลา,ฉลามหูดำ
432,ปลา,ฉลามปะการังสีเทา
433,ปลา,ฉลามครีบด่าง
434,ปลา,ฉลามหูดำ
435,ปลา,ฉลามหนู
436,ปลา,ฉลามหัวบาตร
437,ปลา,ฉลาม
438,ปลา,ฉลามหนู
439,ปลา,Dusky shark
440,ปลา,ฉลาม
441,ปลา,Brazilian sharpnose shark
442,ปลา,ปลาฉลามหนู
443,ปลา,ปลาฉลามหัวแหลม
444,ปลา,ฉลามครีบขาว
445,ปลา,"ฉลามเสือ, ตะเพียนทอง"
446,ปลา,ฉลามหูดำ
447,ปลา,ฉลาม
448,ปลา,ฉลามหูดำเล็ก
449,ปลา,ฉลามครีบดำ
450,ปลา,ฉลาม
451,ปลา,
452,ปลา,
453,ปลา,ชื่อไทย: ฉลามหัวค้อนสั้น
454,ปลา,Smooth hammerhead
455,ปลา,ปลาฉลามหัวฆ้อนสีเงิน
456,ปลา,ฉลามหัวฆ้อนยาว
457,ปลา,Great hammerhead
458,ปลา,ฉลามเหงื่อกหกช่อง
459,ปลา,ฉลามหนาม
460,ปลา,Picked dogfish
461,ปลา,Shortnose spurdog
462,ปลา,Shortspine spurdog
463,ปลา,ฉลามท้องดำ
464,ปลา,ฉลามท้องดำ
465,ปลา,ฉลามหน้าดำ
466,ปลา,กระเบนไฟฟ้า
467,ปลา,ปลากะเบนไฟฟ้า
468,ปลา,กระเบนไฟฟ้าจุดเข้ม
469,ปลา,กระเบนไฟฟ้าจุดเล็ก
470,ปลา,กระเบนไฟฟ้าจุด
471,ปลา,กระเบนไฟฟ้า
472,ปลา,ปลากระเบนไฟฟ้า
473,ปลา,ฉนากจะงอยปากแคบ  
474,ปลา,ฉนาก
475,ปลา,Smalltooth sawfish
476,ปลา,ฉนาก
477,ปลา,ปลาโรนิน
478,ปลา,โรนัน
479,ปลา,โรนัน
480,ปลา,ปลาโรนันจุดขาว
481,ปลา,โรนัน
482,ปลา,โรนัน
483,ปลา,ปลาโรนิน
484,ปลา,ชื่อไทย: ปลาโรนันหัวเสียม
485,ปลา,ปลาโรนนิน
486,ปลา,ปลาโรนันหัวจิ้งจก
487,ปลา,โรนันหัวเสียม
488,ปลา,ชื่อไทย: ปลาโรนันหัวเสียมยักษ์
489,ปลา,Taiwan guitarfish
490,ปลา,Blue Legskate 
491,ปลา,กะเบนน้ำลึก
492,ปลา,Deep-water stingray 
493,ปลา,Java stingaree 
494,ปลา,Smalleye stingray
495,ปลา,กระเบนจุดขาว
496,ปลา,กระเบน
497,ปลา,Whitenose whip ray 
498,ปลา,honeycomb whipray
499,ปลา,Narrowtail stingray 
500,ปลา,Round ribbontail ray
501,ปลา,กระเบน
502,ปลา,กระเบน
503,ปลา,กระเบน
504,ปลา,กระเบนลาย
505,ปลา,กระเบน
506,ปลา,Eastern Cowtail stingray
507,ปลา,Starrynose stingray 
508,ปลา,กระเบน
509,ปลา,ปลากะเบนทอง
510,ปลา,ปลากระเบนจุดฟ้า
511,ปลา,Short-tail stingray
512,ปลา,กระเบนหัวแหลม
513,ปลา,กระเบนแดง
514,ปลา,กระเบนลายแมลงวัน
515,ปลา,Freshwater whipray
516,ปลา,กระเบนธง
517,ปลา,กระเบน
518,ปลา,ปลากระเบนน้ำตาล
519,ปลา,Bleeker's whipray
520,ปลา,กระเบนชายธง   
521,ปลา,Porcupine ray
522,ปลา,กระเบน
523,ปลา,กระเบนแมงวันจุดขาว
524,ปลา,กระเบนแม่กลอง
525,ปลา,กระเบนแม่น้ำโขง
526,ปลา,กระเบนขาว  
527,ปลา,Marbled freshwater whip ray
528,ปลา,ชื่อไทย: กระเบนผีเสื้อ
529,ปลา,ปลากระเบนผีเสื้อ
530,ปลา,Twin-spot butterfly ray
531,ปลา,ปลากระเบนผีเสื้อหางลาย
532,ปลา,ชื่อไทย: อ้ายเปียกหางยาว
533,ปลา,กระเบนนก
534,ปลา,ปลากระเบนราหู
535,ปลา,Ocellated eagle ray.
536,ปลา,ปลากระเบนจมูกวัว
537,ปลา,ปลากระเบน
538,ปลา,ปลากระเบน
539,ปลา,ปลากระเบนราหูน้ำเค็ม
540,ปลา,Alfred manta
541,ปลา,"ปลากระเบนจมูกวัว, ยี่สน"
542,ปลา,Ornate eagle ray
543,ปลา,กระเบนนกจุด
544,ปลา,กระเบนค้างคาว
545,ปลา,กระเบนนก
546,ปลา,Banded eagle ray.
547,ปลา,ปลากระเบน
548,ปลา,Beluga
549,ปลา,ชื่อไทย: ปลาฉลามปากเป็ดจีน
550,ปลา,Arapaima
551,ปลา,ตะพัดสีนาก
552,ปลา,ปลาตะพัด
553,ปลา,ตองลาย   
554,ปลา,-
555,ปลา,กราย ชื่อท้องถิ่น: ภาคตะวันออกเฉียงเหนือ ตองกราย 
556,ปลา,กราย
557,ปลา,สะตือ ชื่อท้องถิ่น: ภาคใต้ ตือ 
558,ปลา,"ปลาสลาด, ตอง, ฉลาด"
559,ปลา,Aba
560,ปลา,ตาเหลือกยาว
561,ปลา,ตาเหลือกยาว
562,ปลา,ปลาตาเหลือกน้ำจืด
563,ปลา,กระบอกยน
564,ปลา,กระบอกยน
565,ปลา,กระบอกยน
566,ปลา,สะแงะ
567,ปลา,Indian short-finned eel 
568,ปลา,Japanese eel
569,ปลา,ตูหนา ไหลหูดำ
570,ปลา,Indonesian longfinned eel
571,ปลา,Short-finned eel
572,ปลา,ตูหนาลาย ไหลหูขาว
573,ปลา,False brown moray
574,ปลา,Drab snake moray 
575,ปลา,หลดหิน
576,ปลา,ปลาไหลริบบิ้น
577,ปลา,Zebra moray
578,ปลา,Barredfin moray
579,ปลา,ชื่อไทย: ไหลดำ
580,ปลา,Lipspot moray
581,ปลา,Yellow-edged moray
582,ปลา,Blotch-necked moray
583,ปลา,Dwarf moray
584,ปลา,-
585,ปลา,Highfin moray
586,ปลา,Richardson's moray
587,ปลา,Slender giant moray 
588,ปลา,Tiger reef-eel 
589,ปลา,Indian mud moray
590,ปลา,หลดหิน
591,ปลา,หลดหิน
592,ปลา,ชื่อไทย: ไหลเสือดาว
593,ปลา,ชื่อไทย: ไหลรวงผึ้ง
594,ปลา,ชื่อไทย: ไหลลายจุดดำ
595,ปลา,Moluccan moray
596,ปลา,ชื่อไทย: ไหลปล้อง
597,ปลา,ปลาไหลทะเล
598,ปลา,Unicolor snake moray 
599,ปลา,Needle-tooth moray
600,ปลา,Marbled reef-eel
601,ปลา,หลดหิน
602,ปลา,Freckleface reef-eel 
603,ปลา,ชื่อไทย: ปลาไหลมอเรย์ยักษ์
604,ปลา,Drab moray
605,ปลา,Whitespotted moray
606,ปลา,Pinda moray
607,ปลา,Ringed moray
608,ปลา,Turkey moray
609,ปลา,ปลาไหลทะเล
610,ปลา,Banded moray
611,ปลา,ปลาไหลงู
612,ปลา,ไหลงู
613,ปลา,ไหลงู
614,ปลา,ชื่อไทย: ไหลงู
615,ปลา,ไหลงู
616,ปลา,Indo-Pacific slender worm-eel 
617,ปลา,Manetail snake eel
618,ปลา,ปลาไหลงู
619,ปลา,ไหลงู
620,ปลา,ปลาหลดหิน
621,ปลา,Harlequin snake eel 
622,ปลา,ไหล
623,ปลา,ชื่อไทย: ไหลงู
624,ปลา,ไหลงู
625,ปลา,ชื่อไทย: ไหลหนอน
626,ปลา,กระทิงดำ
627,ปลา,Indo-Pacific slender worm-eel 
628,ปลา,Slender snake eel 
629,ปลา, ไหลงู
630,ปลา,ชื่อไทย: ไหลงู
631,ปลา,Bluntnose snake-eel
632,ปลา,ขิ้ง  
633,ปลา,ไหลทะเลลึกหางสั้น
634,ปลา,ยอดจาก
635,ปลา,Daggertooth pike conger
636,ปลา,Daggertooth pike conger 
637,ปลา,ยอดจาก
638,ปลา,Common pike conger 
639,ปลา,ไหลทะเล
640,ปลา,ปลานกขุนทองปากยื่น
641,ปลา,-
642,ปลา,ไหลทะเล
643,ปลา,ชื่อไทย: หลดบาง
644,ปลา,ปลาไหลสวนจุดดำ
645,ปลา,ไหลทะเล
646,ปลา,Burmese River ilisha
647,ปลา,Kalimantan ilisha
648,ปลา,ไหล
649,ปลา,ปลาใบไผ่
650,ปลา,ชื่อไทย: อีพูดเล้ก
651,ปลา,Elongate ilisha
652,ปลา,ปลาอีปุด
653,ปลา,ปลาตาเหลือก
654,ปลา,Coromandel ilisha
655,ปลา,Javan ilisha
656,ปลา,Bigeye ilisha
657,ปลา,Lobejaw ilisha
658,ปลา,ไหลงู
659,ปลา,Shorthead hairfin anchovy 
660,ปลา,ปลาแมวหูยาว
661,ปลา,ปลาแมวหนวดพราหมณ์
662,ปลา,"ปลากะตัก,มะลิ,ไส้ตัน,หัวอ่อนหัวป้าน"
663,ปลา,China anchovy 
664,ปลา,ไส้ตัน
665,ปลา,Thai anchovy 
666,ปลา,กะตักใหญ่
667,ปลา,หัวป้าน
668,ปลา,ปลากะตักหลังลาย
669,ปลา,ปลากะตักขาว
670,ปลา,แมวหัวแหลม
671,ปลา,ปลาแมว
672,ปลา,งาคอดำ
673,ปลา,ป้อบี้
674,ปลา,ปลาแมวหัวแหลม
675,ปลา,ปลางา
676,ปลา,Bengal thryssa 
677,ปลา,กะตัก
678,ปลา,กะตักหัวแหลม  มะลิ  ไส้ตันแถบเหลือง
679,ปลา,กะตัก
680,ปลา,หางไก่
681,ปลา,หางไก่
682,ปลา,หางไก่
683,ปลา,Bornean grenadier anchovy
684,ปลา,Osbeck's grenadier anchovy
685,ปลา,False baelama anchovy 
686,ปลา,New Guinea thryssa
687,ปลา,"ปลาแมวเขี้ยวยาว, ปลากะตัก"
688,ปลา,กะตัก
689,ปลา,กะตัก
690,ปลา,Common hairfin anchovy 
691,ปลา,Andhra anchovy 
692,ปลา,ดาบลาวยาว
693,ปลา,ดาบลาวสั้น
694,ปลา,-
695,ปลา,-
696,ปลา,ชื่อไทย: แชลั้นทรงยาว
697,ปลา,ปลาหลังเขียว
698,ปลา,Bali sardinella 
699,ปลา,ปลาหลังเขียวท้องขาว
700,ปลา,Bleeker's blacktip sardinella
701,ปลา,Deepbody sardinella
702,ปลา,Longtail shad
703,ปลา,Reeves shad
704,ปลา,ปลาตลุมพุก
705,ปลา,ปลาหมากผาง
706,ปลา,ปลาหลังเขียว
707,ปลา,Japanese gizzard shad
708,ปลา,ตะเพียนน้ำเค็ม
709,ปลา,Thai gizzard shad 
710,ปลา,Bleeker smoothbelly sardinella 
711,ปลา,Smoothbelly sardinella 
712,ปลา,หลังเขียวจุด
713,ปลา,หลังเขียวกลม
714,ปลา,กุแลกล้วย
715,ปลา,กะตัก
716,ปลา,กะตักขาว
717,ปลา,ปลาหลังเขียว
718,ปลา,ปลาหลังเขียว
719,ปลา,ปลามงโกรย
720,ปลา,"แปบควาย, ซิวแก้ว"
721,ปลา,หลังเขียว.กุแร
722,ปลา,ซิวแก้ว  
723,ปลา,หลังเขียว  กุแร
724,ปลา,หลังเขียว
725,ปลา,ซิวแก้ว  
726,ปลา,หลังเขียว  กุแร
727,ปลา,หลังเขียว.กุแร
728,ปลา,Dwarf noodlefish
729,ปลา,Galathea gizzard shad 
730,ปลา,Hilsa shad
731,ปลา,"ชื่อไทย: หลังเขียว,แชลั้น"
732,ปลา,Blacktip sardinella
733,ปลา,Indian oil sardine
734,ปลา,Silver-stripe round herring
735,ปลา,Delicate round herring
736,ปลา,Spotted herring
737,ปลา,นวลจันทร์ทะเล
738,ปลา,ซิวใบไผ่เล็ก
739,ปลา,ซิวใบไผ่เล็ก
740,ปลา,ม้าลาย 
741,ปลา,ปลาซิวผอม
742,ปลา,ปลาพลวง
743,ปลา,ปลาพลวง
744,ปลา,
745,ปลา,ปลาพลวงเกาะ
746,ปลา,ซิวหนูแดง
747,ปลา,ปลากระสูบสาละวิน
748,ปลา,ปลาจาด  
749,ปลา,จาดปากคม  
750,ปลา,จาด
751,ปลา,จาด
752,ปลา,
753,ปลา,"ซิวครีบแดง, ซิวควาย  "
754,ปลา,ซิวใบไผ่  
755,ปลา,
756,ปลา,ปลาพลวง
757,ปลา,-
758,ปลา,น้ำฝายแคระ
759,ปลา,ปลาตะเพียนสาละวิน  
760,ปลา,
761,ปลา,
762,ปลา,ปลาบ้า
763,ปลา,ซิวใบไผ่  
764,ปลา,ซิวใบไผ่
765,ปลา,Purple passion danio
766,ปลา,ซิวใบไผ่แม่แตง
767,ปลา,ปลาซิวแถบเงิน
768,ปลา,
769,ปลา,ไน
770,ปลา,ซิวแคระสามจุด  
771,ปลา,Crucian carp
772,ปลา,Glowlight rasbora
773,ปลา,-
774,ปลา,ซิวข้างขวานภูเขา
775,ปลา,
776,ปลา,ซิว
777,ปลา,"ซิวควายแถบดำ, ซิวข้างขวาน "
778,ปลา,ปลาซิว
779,ปลา,-
780,ปลา,-
781,ปลา,ปลาซิว
782,ปลา,"ปลาซิวบอระเพ็ด, ปลาซิวหางแดง"
783,ปลา,จาด  
784,ปลา,
785,ปลา,-
786,ปลา,-
787,ปลา,
788,ปลา,หนามหลังขาว
789,ปลา,จาด
790,ปลา,จาด
791,ปลา,
792,ปลา,
793,ปลา,ปลาเพิร์ลฟิช
794,ปลา,
795,ปลา,ซิวครีบแดง
796,ปลา,
797,ปลา,เพ้า  
798,ปลา,ส่อ
799,ปลา,แรด ชื่อท้องถิ่น: ภาคอีสาน ใต้ เม่น มิน 
800,ปลา,
801,ปลา,
802,ปลา,ซิวหลัวดวง
803,ปลา,ซิวควายแถบดำภาคใต้
804,ปลา,แบปสาละวิน  
805,ปลา,กะโห้
806,ปลา,น้ำฝาย
807,ปลา,ปลาม่ำ หรือ ปลาม่อน 
808,ปลา,-
809,ปลา,สร้อยนกเขา
810,ปลา,ซิวข้าวสารแม่น้ำโขง  
811,ปลา,
812,ปลา,ชื่อไทย: จวดเตียนเขี้ยว
813,ปลา,Rohtee
814,ปลา,ซิวควาย
815,ปลา,Greater scissortail
816,ปลา,ซิวควายพม่า
817,ปลา,ซิวหลังดำ
818,ปลา,ซิวทอง
819,ปลา,ปลาพลวง (พลวงหิน หรือ ปลามุง)  
820,ปลา,หว้า  
821,ปลา,"คุยลาม, สร้อยลูกกล้วย  "
822,ปลา,"ซ่า, สร้อยลูกกล้วย"
823,ปลา,สร้อยลูกกล้วยลาย
824,ปลา,
825,ปลา,
826,ปลา,
827,ปลา,
828,ปลา,
829,ปลา,Apollo sharkminnow
830,ปลา,ซิวหางกรรไกรเล็ก
831,ปลา,ปลาพลวง
832,ปลา,ปลาพลวง
833,ปลา,ปลาพลวง
834,ปลา,
835,ปลา,สะนากยักษ์  
836,ปลา,ซิวเพชรน้อย
837,ปลา,แก้มนวล
838,ปลา,น้ำหมึก
839,ปลา,ซิวหนู
840,ปลา,
841,ปลา,
842,ปลา,
843,ปลา,
844,ปลา,
845,ปลา,
846,ปลา,ซิว
847,ปลา,แดงน้อย  ตะเพียนสมพงศ์ (ปลาสวยงาม)  เม็ดขนุน (จ.กาญจนบุรี)
848,ปลา,จาด  แดงน้อยเหนือ
849,ปลา,ตะเพียนลาย
850,ปลา,ซิวใบไผ่ตรัง
851,ปลา,Blue danio
852,ปลา,
853,ปลา,จาด
854,ปลา,ตะเพียนครีบจุด  
855,ปลา,
856,ปลา,
857,ปลา,
858,ปลา,
859,ปลา,ทรงเครื่อง
860,ปลา,จิ้งจอก
861,ปลา,กาแดง
862,ปลา,
863,ปลา,ปลาตะเพียนปากหนวด  
864,ปลา,
865,ปลา,
866,ปลา,Siamese mud carp
867,ปลา,
868,ปลา, ปีกแดง
869,ปลา,ไส้ตัน
870,ปลา,ขิ้ง
871,ปลา,ขิ้ง
872,ปลา,Mud carp
873,ปลา,เล็บมือนาง  
874,ปลา,นวลจันทร์ ชื่อท้องถิ่น: ภาคอีสาน พอน 
875,ปลา,"ปลากะทิ  ชื่อท้องถิ่น: ภาคอีสาน ใต้ เหนือ ขี้ยอก, หนามบี้ หญ้า หนามไผ่ "
876,ปลา,หางเหลือง  
877,ปลา,ตาใส
878,ปลา,ตามินกระโดงสั้น
879,ปลา,Burnt tail fish
880,ปลา,ซิวควาย
881,ปลา,Black carp
882,ปลา,ปลาเสือสุมาตรา
883,ปลา,หว้า  
884,ปลา,สร้อยลูกบัว  
885,ปลา,ซิวหางกรรไกร  
886,ปลา,ซิวควายพม่า  
887,ปลา,Spotted barb
888,ปลา,ซิวหัวแถบ
889,ปลา,ปลายี่สกทอง
890,ปลา,
891,ปลา,Mrigal carp
892,ปลา,จาด
893,ปลา,จาด
894,ปลา,จาด
895,ปลา,จาด
896,ปลา,Olive barb
897,ปลา,Yellow rasbora
898,ปลา,
899,ปลา,ซิวใบไผ่
900,ปลา,Giant danio
901,ปลา,Hora danio
902,ปลา,ปลาจาด
903,ปลา,ตุม
904,ปลา,ปลามะไฟ
905,ปลา,ปลาซิวข้างขวานใหญ่
906,ปลา,ท้องพลุ
907,ปลา,Orangefin labeo
908,ปลา,
909,ปลา,
910,ปลา,
911,ปลา,Trout barb
912,ปลา,Gangetic scissortail rasbora
913,ปลา,Reba
914,ปลา,Morari
915,ปลา,Copper mahseer
916,ปลา,ซิวหนวดยาว
917,ปลา,
918,ปลา,ไข่ออง
919,ปลา,เวียนยักษ์  
920,ปลา,หม่น  
921,ปลา,
922,ปลา,ตะเพียนทรายสาละวิน
923,ปลา,-
924,ปลา,ปลามูดหลังจุด  
925,ปลา,หน้าหมอง
926,ปลา,
927,ปลา,สร้อยบู่  
928,ปลา,ปลาเวียน
929,ปลา,ปลาเวียน
930,ปลา,ปลาเวียน
931,ปลา,ปลาเกล็ดถี่
932,ปลา,ปลาพวงชมพู
933,ปลา,ซิวหนวดยาว
934,ปลา,ซิวหนวดยาวแถบดำ
935,ปลา,เสือป่าพรุ
936,ปลา,ซิวแถบเหลือง
937,ปลา,ตะเพียนแคระ
938,ปลา, ซิวหางแดง
939,ปลา,ซิวหางกรรไกร
940,ปลา,ซิวก้นดำ
941,ปลา,ปลาซิวควายหางแดง
942,ปลา,นางอ้าว
943,ปลา,ซิวหลังดำ  
944,ปลา,ซิวควาย
945,ปลา, ซิวหางกรรไกรเล็ก
946,ปลา,ซิวควาย
947,ปลา,ตะโกกหน้าสั้น  
948,ปลา,ซิวเพชรน้อย  ซิวเจ้าฟ้า
949,ปลา,ตุ่ม หรือ ตุม ชื่อท้องถิ่น: ภาคอีสาน ตาเหลือบ  หนามหลัง ตาโป ตามิน
950,ปลา,
951,ปลา,ปากเหลี่ยม
952,ปลา,สร้อยนกเขา
953,ปลา,หางไหม้ ชื่อท้องถิ่น: หางเหยี่ยว 
954,ปลา,น้ำหมึกท่าแซะ
955,ปลา,หางบ่วง  
956,ปลา,ตะเพียนทอง ชื่อท้องถิ่น: ภาคใต้ ตะเพียนหางแดง 
957,ปลา,ตะเพียนขาว  
958,,
959,ปลา,หว้าหน้านอ ชื่อท้องถิ่น: ภาคอีสาน ตะวันตก หว้าซวง งา 
960,ปลา,Spotted barb
961,ปลา,ซิวใบไผ่  
962,ปลา,แดงน้อยแม่โขง แดงน้อยอีสาน
963,ปลา,ข้อมือนาง 
964,ปลา,จาด
965,ปลา,จาด
966,ปลา,ปลาวี
967,ปลา,ปลากะมัง
968,ปลา,
969,ปลา,ปลาตะเพียนทราย
970,ปลา,Spanner barb
971,ปลา,นางอ้าว   
972,ปลา,แปบหางดอก  
973,ปลา,ซิวเจ้าฟ้า  
974,ปลา,แปบ  
975,ปลา,แปบควาย  
976,ปลา,แปบควาย   
977,ปลา,แปบควาย  
978,ปลา,เอินฝ้าย
979,ปลา,จาดถ้ำ
980,ปลา,Thinlip barb
981,ปลา,กะมัง
982,ปลา,ซิวอ้าว 
983,ปลา,ปลาอ้าว
984,ปลา,ท้องพลุ
985,ปลา,
986,ปลา,
987,ปลา,อ้าว
988,ปลา,"ปลากาดำ, กา, เพี้ย"
989,ปลา,"บัว ชื่อท้องถิ่น: ภาคอีสาน หว้าซวง , ซวง "
990,ปลา,ปลาบ้า
991,ปลา,
992,ปลา,
993,ปลา,
994,ปลา,
995,ปลา,ปลาซิวหนวดยาว
996,ปลา,
997,ปลา,ร่องไม้ตับ
998,ปลา,"ตะโกก, สร้อยนกเขา "
999,ปลา,ร่องไม้ตับ
1000,ปลา,Chramule Gerlachova
1001,ปลา,ชื่อไทย: จวดเรียว
1002,ปลา,เลียหิน  
1003,ปลา,"ปลามูดหน้านอ ชื่อท้องถิ่น: ภาคเหนือ มูด,ปากจระเข้ งาลู่ "
1004,ปลา,เลียหิน  
1005,ปลา,มูด  
1006,ปลา,กะโห้
1007,ปลา,-
1008,ปลา,ตะกาก  ตามิน ชื่อท้องถิ่น: ภาคอีสาน ปากบาน  โจกเขียว 
1009,ปลา,เล็บมือนาง  
1010,ปลา,เล็บมือนาง  
1011,ปลา,ไส้ตันตาแดง  ชื่อท้องถิ่น: ภาคอีสาน ใต้ แม่สะเด้ง หญ้า 
1012,ปลา,ตะโกก  โจก 
1013,ปลา,กะทิ  ตะกาก  
1014,ปลา,โจกไหม
1015,ปลา,หนามหลังครีบดำ
1016,ปลา,ตาใส
1017,ปลา,สะอี
1018,ปลา,ปลาฝักพร้า
1019,ปลา,ตาใสตัวยาว
1020,ปลา,น้ำฝายหลังดำ
1021,ปลา,ปลาลาบก
1022,ปลา,-
1023,ปลา,"ปากเปี่ยน,ตาดำ "
1024,ปลา,กระสูบจุด  
1025,ปลา,ปลากระสูบขีด
1026,ปลา,Ticto barb
1027,ปลา,ปลาตะเพียนปากหนวด  
1028,ปลา,ปลาจาด 
1029,ปลา,ปลาตะพาก
1030,ปลา,ปลาปากหนวด  
1031,ปลา,Bighead carp
1032,ปลา,ปลายี่สกเทศ
1033,ปลา,ทอง
1034,ปลา,Grass carp
1035,ปลา,ส่อ
1036,ปลา, ปลาไส้ตันตาแดง 
1037,ปลา,เสือข้างลาย
1038,ปลา,
1039,ปลา,สร้อยน้ำผึ้งแม่น้ำโขง  
1040,ปลา,"ปลาน้ำผึ้ง, อีดูด"
1041,ปลา,หมูฮ่องเต้
1042,ปลา,รากกล้วย  
1043,ปลา,Java loach
1044,ปลา,อีด  
1045,ปลา,อีด  
1046,ปลา,รากกล้วยสาละวิน
1047,ปลา,ค้อตาหนาม
1048,ปลา,-
1049,ปลา,Indonesian spirit loach
1050,ปลา,หมูน่าน
1051,ปลา,
1052,ปลา,หมูข้างลาย
1053,ปลา,หมูลายเมฆ  
1054,ปลา,ปลาหมูข้างลาย
1055,ปลา,หมูกำพล
1056,ปลา,งู  
1057,ปลา,Pond loach
1058,ปลา,งู  
1059,ปลา,รากกล้วยแคระ  
1060,ปลา,รากกล้วยแคระ  
1061,ปลา,รากกล้วยแคระ  
1062,ปลา,
1063,ปลา,ค้อตาหนามแปดแถบ
1064,ปลา,ค้อตาหนาม
1065,ปลา,รากกล้วยแม่ปิง  ซอนทราย
1066,ปลา,ปล้องอ้อย ชื่อท้องถิ่น: ปลางูหรือ ปลางูคูลี่ 
1067,ปลา,ปลาหมูลายเสือสาระวิน
1068,ปลา,Guntea loach
1069,ปลา,ปล้องอ้อย
1070,ปลา,ปล้องอ้อยหนวดยาว  
1071,ปลา,
1072,ปลา,Gangetic loach
1073,ปลา,หมูอารีย์
1074,ปลา,รากกล้วย  
1075,ปลา,รากกล้วยแคระ  
1076,ปลา,รากกล้วยแคระ  
1077,ปลา,งู  
1078,ปลา,"ปลาอาด, สายทอง  "
1079,ปลา,อีด  
1080,ปลา,อีด  
1081,ปลา,อีด  
1082,ปลา,หมูหางจุด
1083,ปลา, หมูสัก
1084,ปลา,หมูขาว
1085,ปลา,หมูคอก
1086,ปลา,หมูครีบแดง
1087,ปลา,หมูหลังยาว
1088,ปลา,หมูหางดอก
1089,ปลา,หมูท้องยาว
1090,ปลา,หมูลายเสือ
1091,ปลา,จิ้งจกปากแคบ  ผีเสื้อหิน
1092,ปลา,ค้อ
1093,ปลา,ปลาผีเสื้อติดหิน
1094,ปลา,ค้อกำพล
1095,ปลา,จิ้งจก
1096,ปลา,ผีเสื้อติดหิน
1097,ปลา,
1098,ปลา,-
1099,ปลา,จิ้งจก
1100,ปลา,ผีเสื้อถ้ำ
1101,ปลา,อีด  
1102,ปลา,ค้อลายเสือเล็ก 
1103,ปลา,ค้อมัศยะ
1104,ปลา,ค้อ
1105,ปลา,ค้อมาเลเซีย  
1106,ปลา, ค้อหัวดำ
1107,ปลา,ค้อหางสัน
1108,ปลา,-
1109,ปลา,-
1110,ปลา,-
1111,ปลา,ค้อแม่น้ำปาย
1112,ปลา,ค้อแม่น้ำน่าน
1113,ปลา,-
1114,ปลา,-
1115,ปลา,-
1116,ปลา,-
1117,ปลา,-
1118,ปลา,-
1119,ปลา,-
1120,ปลา,-
1121,ปลา,-
1122,ปลา,ค้อ
1123,ปลา,-
1124,ปลา,
1125,ปลา,ผีเสื้อหิน 
1126,ปลา,ปลาผีเสื้อติดหิน
1127,ปลา,-
1128,ปลา,-
1129,ปลา,ปลาแป่ง
1130,ปลา,ค้อ
1131,ปลา,ค้อหน้าหัก  
1132,ปลา,-
1133,ปลา,ค้อเกาะช้าง
1134,ปลา,-
1135,ปลา,-
1136,ปลา,-
1137,ปลา,-
1138,ปลา,-
1139,ปลา, ค้อพม่า
1140,ปลา,ค้อตาบอด
1141,ปลา,-
1142,ปลา,
1143,ปลา,
1144,ปลา,
1145,ปลา,ค้อถ้ำ
1146,ปลา,ค้อ
1147,ปลา,ค้อ
1148,ปลา,ปลาค้อปากหนา
1149,ปลา,Barred loach
1150,ปลา,จิ้งจก
1151,ปลา,ค้อ  
1152,ปลา,
1153,ปลา,
1154,ปลา,
1155,ปลา,
1156,ปลา,
1157,ปลา,ค้อลายถี่น้ำโขง
1158,ปลา,-
1159,ปลา,-
1160,ปลา,ค้อถ้ำจารุธานินทร์
1161,ปลา,จิ้งจก
1162,ปลา,
1163,ปลา,
1164,ปลา,
1165,ปลา, ค้อปลาไหล
1166,ปลา,ปลาผีเสื้อติดหิน
1167,ปลา,ค้อลายเสือแม่โจ้
1168,ปลา,ปลาผีเสื้อติดหิน
1169,ปลา,ค้อถ้ำพระวังแดง
1170,ปลา,ปล้องทองปรีดี
1171,ปลา,ค้อหน้าหัก
1172,ปลา,ค้อ
1173,ปลา,จิ้งจก
1174,ปลา,ค้อหัวสั้น
1175,ปลา,-
1176,ปลา,ค้อเชียงตุง
1177,ปลา,-
1178,ปลา,ค้อถ้ำพระไทรงาม
1179,ปลา,ค้อแม่น้ำเมย
1180,ปลา,River hatchetfish
1181,ปลา,Cachama
1182,ปลา,Black tetra
1183,ปลา,Suckermouth catfish
1184,ปลา,ดัก
1185,ปลา,ดักแม่โขง
1186,ปลา,ดัก
1187,ปลา,ดักหัวแบน
1188,ปลา,ดักแม่กลอง
1189,ปลา,ดัก
1190,ปลา,ดัก
1191,ปลา,ขยุย
1192,ปลา,
1193,ปลา,ขยุย  
1194,ปลา,Burmese stream catfish
1195,ปลา,ขยุย
1196,ปลา,
1197,ปลา,ขยุย  
1198,ปลา,
1199,ปลา,ขยุย
1200,ปลา,ขยุยสุริยะ
1201,ปลา,
1202,ปลา,ขยุยยักษ์แม่กลอง
1203,ปลา,ขยุย  คางคก
1204,ปลา,ขยุยระนอง
1205,ปลา,ขยุยยักษ์พรหมพิราม
1206,ปลา,ขยุยพรุ
1207,ปลา,ขยุย  
1208,ปลา,แค้ติดหิน  
1209,ปลา,-
1210,ปลา,ค้างคาวดอยอินท์
1211,ปลา,แค้ติดหิน  
1212,ปลา,-
1213,ปลา,-
1214,ปลา,-
1215,ปลา,แค้ติดหิน  
1216,ปลา,
1217,ปลา,-
1218,ปลา,แค้ติดหินลาว  
1219,ปลา,-
1220,ปลา,-
1221,ปลา,แค้ติดหิน  
1222,ปลา,แค้ติดหิน  
1223,ปลา,ค้างคาวหนวดชี้
1224,ปลา,ค้างคาวหนวดชี้
1225,ปลา,-
1226,ปลา,Sucker throat catfish
1227,ปลา,ค้างคาวหนวดชี้
1228,ปลา,"แค้วัว ชื่อท้องถิ่น: แค้ หรือ"" แค้ธรรมดา "" หรือ "" ตุ๊กแก "
1229,ปลา,แค้งู  
1230,ปลา,แค้ควาย  
1231,ปลา,ค้างคาวหางสั้น
1232,ปลา,ค้างคาวแม่ฮ่องสอน
1233,ปลา,"ซิวอ้าวจีน,  ค้างคาว อ. สุรพล "
1234,ปลา,"ค้างคาวดอยตุง, น้ำหมึก  "
1235,ปลา,"ค้างคาวทุ่งช้าง, น้ำหมึก  "
1236,ปลา,"แปบ, ค้างคาวภูคา "
1237,ปลา,
1238,ปลา,ค้างคาวน้ำยวม
1239,ปลา,แค้ติดหิน  
1240,ปลา,แค้ติดหิน  
1241,ปลา,-
1242,ปลา,แค้ติดหินสามแถบ
1243,ปลา,แค้ติดหินแผ่นท้องหนา
1244,ปลา,ปลาแค้ขี้หมู
1245,ปลา,ปลาแค้ขี้หมู
1246,ปลา,แค้ขี้หมู
1247,ปลา,Channel catfish
1248,ปลา,ปลาเค้าขาว
1249,ปลา,ปลเค้าดำ
1250,ปลา,ปลาเพียว  
1251,ปลา,ก้างพระร่วงแคระ
1252,ปลา,คางเบือน ชื่อท้องถิ่น: ภาคอีสาน เบี้ยว ขบ ปากวิบ แก็ก 
1253,ปลา,-
1254,ปลา,ลิ้นแมว  
1255,ปลา,
1256,ปลา,Thailand silurus
1257,ปลา,
1258,ปลา,-
1259,ปลา,Concealed dorsal-fin catfish
1260,ปลา,ชะโอนหิน
1261,ปลา,ปลาก้างพระร่วง
1262,ปลา,-
1263,ปลา,ปลาชะโอน
1264,ปลา,
1265,ปลา,สายยู
1266,ปลา,ปลาขาไก่
1267,ปลา,เนื้ออ่อนหนวดยาว
1268,ปลา,เนื้ออ่อนหนวดยาว
1269,ปลา,ปลาเพียวยาว
1270,ปลา,ปลาเค้าดำ
1271,ปลา,ชะโอนหิน
1272,ปลา,ปลาก้างพระร่วง
1273,ปลา,Catfish
1274,ปลา,เนื้ออ่อนหนวดสั้น
1275,ปลา,ชะโอนหิน
1276,ปลา,ผี  
1277,ปลา,ชะโอนพรุ  
1278,ปลา,ลิ้นแมว  
1279,ปลา,ปลาปีกไก่หนวดยาว
1280,ปลา,หนวดแมวดรีบหลังยาว
1281,ปลา,
1282,ปลา,ปลาดังแดง
1283,ปลา,หนวดแมว  
1284,ปลา,
1285,ปลา,"ปลาชะโอน, สยุมพร"
1286,ปลา,ปลาปีกไก่  
1287,ปลา,ปลาขาไก่
1288,ปลา,ปีกไก่หนวดยาว  
1289,ปลา,ปลาน้ำเงิน
1290,ปลา,ปลาแดง
1291,ปลา,
1292,ปลา, ดุกทะเล 
1293,ปลา,ดุกทะเล  
1294,ปลา,ปลาดุกลาย
1295,ปลา,ดุกลำพัน
1296,ปลา,-
1297,ปลา,มอด
1298,ปลา,ดุกลำพันตะวันออก
1299,ปลา,ดุกด้าน 
1300,ปลา,ดุกภูเขา
1301,ปลา,ดุกแคระ
1302,ปลา,กะแมะ
1303,ปลา,ดุกดัก  ดุกเนื้อเลน
1304,ปลา,ดุกอุย
1305,ปลา,ปลาจีด   
1306,ปลา,Stinging catfish
1307,ปลา,กดทะเล
1308,ปลา,Threadfin sea catfish 
1309,ปลา,Sea catfish 
1310,ปลา,
1311,ปลา,กดหัวโม่ง
1312,ปลา,กดทะเล
1313,ปลา,Shovelnose sea catfish
1314,ปลา,Goat catfish
1315,ปลา,กดทะเล
1316,ปลา,Sona sea catfish
1317,ปลา,ปลาทูกัง
1318,ปลา,กดทะเล
1319,ปลา,ปลากดทะเล
1320,ปลา,ปลากดทะเล
1321,ปลา,
1322,ปลา,Papillate catfish
1323,ปลา,Giant catfish
1324,ปลา,Gagora catfish
1325,ปลา,กด  กดขาว  กดโคกกะโส  กดหัวสั้น  กดหัวอ่อน  กดหน้าหมู
1326,ปลา,Squirrelheaded catfish
1327,ปลา,กดเหลือง
1328,ปลา,Fleshysnout catfish
1329,ปลา,กดทะเล
1330,ปลา,Blacktip sea catfish
1331,ปลา,ปลากดทะเล
1332,ปลา,Armoured sea catfish
1333,ปลา,กดทะเล
1334,ปลา,กดทะเล
1335,ปลา,กดทะเล
1336,ปลา,ปลากดทะเล
1337,ปลา,กดหัวลิง  
1338,ปลา,กดทะเล
1339,ปลา,พรมหัวเหม็น  
1340,ปลา,กดหัวกบ
1341,ปลา,กดหัวผาน  
1342,ปลา,สังกะวาดหน้าแหลม
1343,ปลา,สังกะวาดหน้าหนู
1344,ปลา,สังกะวาดพม่า  หวีเกศ  
1345,ปลา,ปลาสังกะวาด
1346,ปลา,หวีเกศ  
1347,ปลา,หวีเกศ 
1348,ปลา,ปลาสังกะวาด
1349,ปลา,สังกะวาดหน้าหนู  
1350,ปลา,-
1351,ปลา,ปลาสวายหนู
1352,ปลา,สังกะวาดท้องคม
1353,ปลา,บึก
1354,ปลา,ยาง  
1355,ปลา,สังกะแวง  
1356,ปลา,
1357,ปลา,สังกะแวง
1358,ปลา,เผาะ
1359,ปลา,Pangas catfish
1360,ปลา,
1361,ปลา,เทพา
1362,ปลา,ยอนหยวก
1363,ปลา,ปลาสวาย
1364,ปลา,สังกะวาด 
1365,ปลา,เผาะหางดอก
1366,ปลา,
1367,ปลา,
1368,ปลา,เทโพ
1369,ปลา,ซวยเสาะ 
1370,ปลา,ดุกมูน ชื่อท้องถิ่น: แขยงหนู แขยงหมู 
1371,ปลา,แขยงใบข้าวสาละวิน
1372,ปลา,ดุกมูน
1373,ปลา,ดุกมูนครีบสูง
1374,ปลา,-
1375,ปลา,
1376,ปลา,Giant river-catfish
1377,ปลา,
1378,ปลา,
1379,ปลา,แขยงขี้ไก่
1380,ปลา,
1381,ปลา,ดุกมูน
1382,ปลา,
1383,ปลา,
1384,ปลา,แขยงขีด
1385,ปลา,ปลากดคังสาละวิน  
1386,ปลา,
1387,ปลา,แขยงข้างลาย
1388,ปลา,-
1389,ปลา,แขยงนวลใต้
1390,ปลา,-
1391,ปลา,ปลากดลายดอก
1392,ปลา,ปลากดลายดอก
1393,ปลา,แขยงเขาแม่กลอง
1394,ปลา,แขยงเขา  
1395,ปลา,
1396,ปลา,ปลากดขี้ลิง
1397,ปลา,ปลากดเหลือง
1398,ปลา,ปลากดเหลือง
1399,ปลา,ดุกมูน ชื่อท้องถิ่น: แขยงหนู แขยงหมู 
1400,ปลา,แขยงหางจุด
1401,ปลา,แขยงนวล
1402,ปลา,Striped dwarf catfish
1403,ปลา,แขยงข้างลาย
1404,ปลา,ปลาแขยงทราย
1405,ปลา,แขยงแถบขาว
1406,ปลา,แขยงทองสาละวิน
1407,ปลา,แขยงใบข้าว
1408,ปลา,Gangetic mystus
1409,ปลา,แขยงธง  
1410,ปลา,อีกง  
1411,ปลา,Twospot catfish
1412,ปลา,-
1413,ปลา,
1414,ปลา,แขยงพรุ
1415,ปลา,กดหมูสาละวิน
1416,ปลา,ดุกมูน
1417,ปลา,ดุกมูน
1418,ปลา,ปลากดดำ
1419,ปลา,ปลากดแก้ว
1420,ปลา,
1421,ปลา,River catfish
1422,ปลา,"ปลากดหิน,แขยงหิน"
1423,ปลา,แขยงข้างลาย
1424,ปลา,หน้าดำ
1425,ปลา,Spotted mountain trout
1426,ปลา,Rainbow trout
1427,ปลา,Japanese Amago
1428,ปลา,ข้างขวานทะเลลึก
1429,ปลา,ข้างขวานทะเลลึก
1430,ปลา,hatchetfish 
1431,ปลา,ข้างขวานทะเลลึก
1432,ปลา,Spiny hatchetfish
1433,ปลา,
1434,ปลา,-
1435,ปลา,เขี้ยวกางเรืองแสง
1436,ปลา,เขี้ยวกางเรืองแสง
1437,ปลา,จมูกวุ้น
1438,ปลา,จมูกวุ้น
1439,ปลา,ปากคมน้ำลึก
1440,ปลา,ปลาปากคมปีกสั้น
1441,ปลา,ปลาปากคมแก้มดำ
1442,ปลา,"ปลาตุ๊กแกลายเมฆ,ปลาปากคมลายเมฆ"
1443,ปลา,ชื่อไทย: ตุ๊กแก
1444,ปลา,Blackear lizardfish
1445,ปลา,Lighthouse lizardfish
1446,ปลา,Triplecross lizardfish
1447,ปลา,ชื่อไทย: ปากคมหางลาย
1448,ปลา,Snakefish
1449,ปลา,Longfin lizardfish 
1450,ปลา,Indian lizardfish
1451,ปลา,ชื่อไทย: ปากคมลาย
1452,ปลา,ปลาหนวดยุ่ง
1453,ปลา,Lavender lizardfish
1454,ปลา,Sand lizardfish
1455,ปลา,Redmarbled lizardfish
1456,ปลา,ปลาปากคมลาย
1457,ปลา,ปลาปากคมแก้มขาว
1458,ปลา,Shortfin saury
1459,ปลา,-
1460,ปลา,ตาเขียว 
1461,ปลา,เขี้ยวกาง
1462,ปลา, เป็ดทะเล
1463,ปลา,Deep water pike smelt
1464,ปลา,Shortfin neoscopelid 
1465,ปลา,ปลาเรืองแสงใหญ่
1466,ปลา,เรืองแสง
1467,ปลา,เรืองแสง
1468,ปลา,เรืองแสง
1469,ปลา,เรืองแสง
1470,ปลา,พญานาคแคระ
1471,ปลา,ปลาจิ้มฟันจระเข้
1472,ปลา,ปลาดาบทะเล
1473,ปลา,Pacific beardfish 
1474,ปลา,Silver eye
1475,ปลา,กุเราแคระ
1476,ปลา,กุเราแคระ
1477,ปลา,Peterson's grenadier
1478,ปลา,หางหนู
1479,ปลา,หางหนู
1480,ปลา,หางหนู
1481,ปลา,Softhead grenadier 
1482,ปลา,หางหนู
1483,ปลา,ค้อดน้ำลึก
1484,ปลา,ไข่มุก
1485,ปลา,ไข่มุก
1486,ปลา,Pallid pearlfish
1487,ปลา,ปลาเพิร์ลฟิช
1488,ปลา,ปลาเพิร์ลฟิช
1489,ปลา,ปลาหางงู
1490,ปลา,ปลาหางงู
1491,ปลา,Goatsbeard brotula
1492,ปลา,-
1493,ปลา,-
1494,ปลา,Marbled cusk-eel
1495,ปลา,Slimy cuskeel
1496,ปลา,Phuket viviparous brotula
1497,ปลา,Whiskered viviparous brotula
1498,ปลา,Bigeye cusk 
1499,ปลา,Yellow pigmy brotula
1500,ปลา,Reticulated toadfish
1501,ปลา,ปลาคางคก
1502,ปลา,บู่ทะเล  คางคก  ย่าปลาดุก
1503,ปลา,Three-spined frogfish
1504,ปลา,ปลาตกเบ็ด
1505,ปลา,Warty frogfish 
1506,ปลา,Painted frogfish 
1507,ปลา,Striated frogfish 
1508,ปลา,Longlure frogfish 
1509,ปลา,กบดำ
1510,ปลา,กบ
1511,ปลา,กบ
1512,ปลา,ปลากบลาย
1513,ปลา,กบ
1514,ปลา,กบแดง
1515,ปลา,Longnose seabat
1516,ปลา,ปลาตกเบ็ดหนาม
1517,ปลา,ปลาค้างคาว
1518,ปลา,ปลาตกเบ็ดหนาม
1519,ปลา,ปลากระบอกเงิน
1520,ปลา,กระบอก
1521,ปลา,ปลากระบอก
1522,ปลา,ปลากระบอกหางฟ้า
1523,ปลา,ปลากระบอกหางฟ้า
1524,ปลา,ปลากระบอก
1525,ปลา,กระบอก
1526,ปลา,กระบอก
1527,ปลา,กระบอก
1528,ปลา,กระบอก
1529,ปลา,กระบอก
1530,ปลา,กระบอกหางแบน
1531,ปลา,กระบอก
1532,ปลา,กะเบนน้ำลึก
1533,ปลา,ปลากระบอก
1534,ปลา,Longfin mullet 
1535,ปลา,ปลากระบอกเงิน
1536,ปลา,ปลาบู่ใส
1537,ปลา,ปลาบู่ใส
1538,ปลา,บู่ใส  
1539,ปลา,Priapiumfish
1540,ปลา,หัวแข็ง
1541,ปลา,Lined silverside 
1542,ปลา,Eendracht Land silverside 
1543,ปลา,ปลาหัวแข็ง
1544,ปลา,ปลาหัวแข็ง
1545,ปลา,Narrow-banded hardyhead silverside
1546,ปลา,ข้างเงินตาโต  หัวแข็ง
1547,ปลา,หัวแข็ง
1548,ปลา,ปลาหัวตะกั่ว 
1549,ปลา,
1550,ปลา,
1551,ปลา,ซิวข้าวสารสงคาม
1552,ปลา,ซิวข้าวสารน้ำกร่อย
1553,ปลา,ตะเพียนแคระ  
1554,ปลา, ซิวข้าวสารชวา
1555,ปลา,ซิวข้าวสารแคระ
1556,ปลา,สะนากยักษ์   
1557,ปลา,ค้างคาวหัวกิ่ว  
1558,ปลา,นกกระจอก
1559,ปลา,นกกระจอก
1560,ปลา,Sailfin flyingfish
1561,ปลา,นกกระจอก
1562,ปลา,นกกระจอก
1563,ปลา,นกกระจอก
1564,ปลา,นกกระจอก
1565,ปลา,ปลานกกระจอก
1566,ปลา,ปลานกกระจอก
1567,ปลา,บินปีกแดง
1568,ปลา,นกกระจอก
1569,ปลา,นกกระจอก
1570,ปลา,นกกระจอก
1571,ปลา,นกกระจอก
1572,ปลา,นกกระจอก
1573,ปลา,นกกระจอก
1574,ปลา,นกกระจอก
1575,ปลา,นกกระจอก
1576,ปลา,ปลาเข็มงวง  
1577,ปลา,Yellowtip halfbeak
1578,ปลา,ปลากระทุงเหว
1579,ปลา,ปลากระทุงเหว
1580,ปลา,
1581,ปลา,ปลากระทุงเหวปากยาว
1582,ปลา,ปลาเข็มปากแดง
1583,ปลา,Jumping halfbeak 
1584,ปลา,ปลาตับเต่า  
1585,ปลา,ปลากระทุงเหว
1586,ปลา,ปลากระทุงเหว
1587,ปลา,Halfbeak
1588,ปลา,
1589,ปลา,เข็มภาคใต้ 
1590,ปลา,ปลากระทุงเหวหางตัด
1591,ปลา,ปลากระทุงเหวหางตัดเล็ก
1592,ปลา,ตับเต่า
1593,ปลา,ปลากระทุงเหวหางตัด
1594,ปลา,ตับเต่า
1595,ปลา,ตับเต่า
1596,ปลา,ปลากระทุงเหวหางตัด
1597,ปลา,Long billed half beak
1598,ปลา,ปลากะทุงเหวแถบเงิน
1599,ปลา,Black-barred halfbeak
1600,ปลา,
1601,ปลา,ปลากระทุงเหว
1602,ปลา,ปลาตับเต่า  
1603,ปลา,Common halfbeak
1604,ปลา,เข็มหม้อ
1605,ปลา,ปลากระทุงเหว
1606,ปลา,Red-tipped halfbeak
1607,ปลา,
1608,ปลา,เข็ม
1609,ปลา,ปลากะทุงเหว
1610,ปลา,ปลาเต็กเล้ง
1611,ปลา,กะทุงควาย
1612,ปลา,ปลากระทุงเหวหูดำ
1613,ปลา,Needlefish (Ref X11)
1614,ปลา,กระทุงเหวบั้ง  กระทุงเหวข้างแบน
1615,ปลา,Reef needlefish
1616,ปลา,กะทุงเหว   
1617,ปลา,หัวตะกั่ว ชื่อท้องถิ่น: หัวเงิน หัวตะกั่วสุโขทัย 
1618,ปลา,Guppy
1619,ปลา,กินยุง  
1620,ปลา,Sail-fin molly
1621,ปลา,ปลาสอดหางดาบ
1622,ปลา,spinyfin
1623,ปลา,Flashlight fish
1624,ปลา,Pineconefish
1625,ปลา,
1626,ปลา,ปลาสินสมุทร
1627,ปลา,ข้าวเม่าตาโต
1628,ปลา,ข้าวเม่าตาโต
1629,ปลา,ปลาข้าวเม่า
1630,ปลา,Doubletooth soldierfish
1631,ปลา,หน้าหมอง  
1632,ปลา,ปลาข้าวเม่าน้ำลึก
1633,ปลา,ชื่อไทย: ข้าวเม่าน้ำลึก
1634,ปลา,ปลาข้าวเม่าแก้มดำ
1635,ปลา,ปลาข้าวเม่าน้ำลึกครีบดำ
1636,ปลา,Shadowfin soldierfish
1637,ปลา,Blotcheye soldierfish 
1638,ปลา,Yellowfin soldierfish
1639,ปลา,Shoulderbar soldierfish
1640,ปลา,Lattice soldierfish
1641,ปลา,Whitetip soldierfish
1642,ปลา,Silverspot squirrelfish
1643,ปลา,Crown squirrelfish
1644,ปลา,Blackblotch squirrelfish
1645,ปลา,Sabre squirrelfish
1646,ปลา,โดรี่
1647,ปลา,Spotted tinselfish
1648,ปลา,ดอรี่
1649,ปลา,จิ้มฟันจระเข้แคระ
1650,ปลา,
1651,ปลา,กะพงลาย  
1652,ปลา,ชื่อไทย: กลางคืนหางยาว
1653,ปลา,ม้าบิน  จระเข้หิน  มังกรทะเล  ผีเสื้อกลางคืนตัวสั้น
1654,ปลา,มังกรบิน
1655,ปลา,Ghost pipefish
1656,ปลา,Harlequin ghost pipefish
1657,ปลา,จิ้มฟันจระเข้
1658,ปลา,Shortpouch pygmy pipehorse
1659,ปลา,Spinysnout pipefish
1660,ปลา,ม้าน้ำหางลาย
1661,ปลา,จิ้มฟันจระเข้ 
1662,ปลา,จิ้มฟันจระเข้
1663,ปลา,จิ้มฟันจระเข้
1664,ปลา,จิ้มฟันจระเข้
1665,ปลา,Rock pipefish
1666,ปลา,จิ้มฟันจระเข้
1667,ปลา,จิ้มฟันจระเข้
1668,ปลา,Blue-spotted pipefish
1669,ปลา,ม้าน้ำ จิ้มฟันจระเข้ 
1670,ปลา,ม้าน้ำ จิ้มฟันจระเข้ 
1671,ปลา,จิ้มฟันจระเข้ 
1672,ปลา,จิ้มฟันจระเข้ 
1673,ปลา,จิ้มฟันจระเข้ 
1674,ปลา,จิ้มฟันจระเข้ 
1675,ปลา,Investigator pipefish
1676,ปลา,ม้าน้ำ
1677,ปลา,Barbour's seahorse
1678,ปลา,Alligator pipefish
1679,ปลา,จิ้มฟันจระเข้แม่โขง
1680,ปลา,ม้าน้ำแคระ
1681,ปลา,ม้าน้ำหนามยาว
1682,ปลา,ม้าน้ำยักษ์
1683,ปลา,ม้าน้ำ
1684,ปลา,"Jordan & Richardson,1908"
1685,ปลา,ปลาจิ้มฟันจระเข้
1686,ปลา,ปลาจิ้มฟันจระเข้ปากยาว
1687,ปลา,ปลาจิ้มฟันจระเข้
1688,ปลา,จิ้มฟันจระเข้ยักษ์
1689,ปลา,จิ้มฟันจระเข้
1690,ปลา,จิ้มฟันจระเข้
1691,ปลา,จิ้มฟันจระเข้
1692,ปลา,ปลาจิ้มฟันจระเข้
1693,ปลา,ม้าน้ำ
1694,ปลา,ชื่อไทย: ม้าน้ำหางยาว
1695,ปลา,Freshwater pipefish
1696,ปลา,จิ้มฟันจระเข้
1697,ปลา,ปลาจิ้มฟันจระเข้
1698,ปลา,Duncker's pipefish
1699,ปลา,จิ้มฟันจระเข้ 
1700,ปลา,ปากแตรยักษ์
1701,ปลา,ปากแตร
1702,ปลา,ปากแตร
1703,ปลา,มีดโกน
1704,ปลา,Smooth razorfish
1705,ปลา,ปลากระจก
1706,ปลา,ปลาไหลแดง
1707,ปลา,ปลาไหลหลาด
1708,ปลา,"ปลาไหลนา, ปลาไหล, เอียน "
1709,ปลา,หลดแคระ
1710,ปลา,หลดแคระ
1711,ปลา,กะทิงภูเขา
1712,ปลา,ปลาหลดลายเฉียง
1713,ปลา,หลดลาย  
1714,ปลา,ปลาหลดลาย
1715,ปลา,-
1716,ปลา,ปลาหลดแม่กลอง
1717,ปลา,ปลากระทิงจุดขาว
1718,ปลา,ปลาหลดภูเขา
1719,ปลา,กะทิงไฟ
1720,ปลา,Zebra spiny eel
1721,ปลา,"หลดด่าง, ปลาหลดภูเขาลายจุด"
1722,ปลา,ปลากระทิงลายลำธาร ชื่อท้องถิ่น: ภาคอีสาน หลาด 
1723,ปลา,กะทิงลาย
1724,ปลา,ปลาหลดลายจุด  
1725,ปลา,ปลาหลดจุด
1726,ปลา,นกฮูก
1727,ปลา,นกฮูก
1728,ปลา,นกฮูก
1729,ปลา,นกฮูก  นกเค้าแมว  สามกษัตริย์
1730,ปลา,สิงโต
1731,ปลา,Spotted ghoul
1732,ปลา,Sawcheek scorpionfish
1733,ปลา,Yellowfin scorpionfish
1734,ปลา,Bearded ghoul
1735,ปลา,Onestick stingfish
1736,ปลา,แมงป่องทะเลลึก
1737,ปลา,Broadbarred firefish
1738,ปลา,Devil firefish
1739,ปลา,Frillfin turkeyfish
1740,ปลา,Radial firefish
1741,ปลา,สิงโต
1742,ปลา,Lowfin scorpionfish
1743,ปลา,"ปลาแมงป่อง, ปลาสิงโต"
1744,ปลา,ปลาแมงป่อง
1745,ปลา,Red scorpionfish
1746,ปลา,Golden scorpionfish
1747,ปลา,Painted stinger 
1748,ปลา,Little scorpionfish
1749,ปลา,สิงห์โตน้ำลึก
1750,ปลา,Large-headed scorpionfish
1751,ปลา,ปลากะรังหัวโขนบั้ง
1752,ปลา,Weedy stingfish 
1753,ปลา,Raggy scorpionfish
1754,ปลา,Barchin scorpionfish
1755,ปลา,ปลากะรังหัวโขนน้ำตาล
1756,ปลา,ปลากะรังหิน
1757,ปลา,ปลากะตั้วหน้าขาว
1758,ปลา,-
1759,ปลา,กะรังหัวโขน
1760,ปลา,ปลาขี้ควาย
1761,ปลา,ปลากะรังหัวโขนหงอนยาว
1762,ปลา,กะรังหัวโขนหูดำ  แมงป่อง
1763,ปลา,หัวครุต
1764,ปลา,กะรังหัวโขน
1765,ปลา,Shortfin turkeyfish
1766,ปลา,Zebra turkeyfish
1767,ปลา,Red lionfish
1768,ปลา,ชื่อไทย: กะรังหัวโขนลาย
1769,ปลา,ปลากะรังหัวโขน
1770,ปลา,Chinese ghoul
1771,ปลา,กะรังหัวโขนแถบเหลือง
1772,ปลา,Grey stingfish
1773,ปลา,Striped stingfish
1774,ปลา,Mozambique scorpionfish
1775,ปลา,ปลาสิงโต
1776,ปลา,Leaf scorpionfish
1777,ปลา,Hairy scorpionfish
1778,ปลา,Minor scorpionfish
1779,ปลา,Tassled scorpionfish
1780,ปลา,Spineblotch scorpionfish
1781,ปลา,Channeled rockfish 
1782,ปลา,กะรังหัวโขน
1783,ปลา,Rama Rao's scorpionfish
1784,ปลา,False stonefish
1785,ปลา,ปลาสิงห์โตขน
1786,ปลา,-
1787,ปลา,Poss's scorpionfish
1788,ปลา,ชื่อไทย: สิงห์โตขน
1789,ปลา,Pigmy scorpionfish
1790,ปลา,Alcock's scorpionfish
1791,ปลา,Longfingered scorpionfish
1792,ปลา,Pygmy scorpionfish
1793,ปลา,Blotchfin scorpionfish
1794,ปลา,Plaintail turkeyfish
1795,ปลา,แมงป่องแคระ
1796,ปลา,หัวโขน
1797,ปลา,Scorpion fish
1798,ปลา,Spotted velvetfish
1799,ปลา,Rough velvetfish
1800,ปลา,หัวโขน
1801,ปลา,Sulu velvetfish
1802,ปลา,กะรังหัวโขนนิ่ม
1803,ปลา, จระเข้บิน
1804,ปลา, จระเข้บิน
1805,ปลา,ปลาครีบนำทาง
1806,ปลา,Spiny red gurnard
1807,ปลา,จระเข้บิน
1808,ปลา, Black-finned armoured-gurnard
1809,ปลา,Armoured gurnard
1810,ปลา, ช้างเหยียบหนาม
1811,ปลา,
1812,ปลา,Celebes flathead
1813,ปลา,Flathead
1814,ปลา,Papillose flathead
1815,ปลา,Tuberculated flathead
1816,ปลา,Large-spined flathead
1817,ปลา,Thorny flathead
1818,ปลา,Serrated flathead
1819,ปลา,Spiny flathead
1820,ปลา,ชื่อไทย: ช้างเหยียบ
1821,ปลา,ช้างเหยียบหางยาว  หางควาย
1822,ปลา,ชื่อไทย: ช้างเหยียบหัวหยาบ
1823,ปลา,ชื่อไทย: ช้างเหยียบ
1824,ปลา,ปลาหัวแบนด่าง
1825,ปลา,ปลาหัวแบนหลังจุด
1826,ปลา,ช้างเหยียบ
1827,ปลา,Fringe-eyed flathead
1828,ปลา,Obscure flathead
1829,ปลา,Longsnout flathead
1830,ปลา,Fringelip flathead
1831,ปลา,ปลาช้างเหยีบแคระ
1832,ปลา,Estuarine glass perchlet
1833,ปลา,Malabar glassy perchlet 
1834,ปลา,Long-spined glass perchlet 
1835,ปลา,ข้าวเม่า
1836,ปลา,Banded-tail glassy perchlet
1837,ปลา,แป้นแก้ว
1838,ปลา,Long-spined glass perchlet
1839,ปลา,แป้นแก้วหัวโหนก 
1840,ปลา,ข้าวเม่าหัวล้าน
1841,ปลา,Flag-tailed glass perchlet
1842,ปลา,แป้นแก้ว
1843,ปลา,Commerson's glassy
1844,ปลา,แป้นแก้วพม่า  
1845,ปลา,แป้นแก้วยักษ์  
1846,ปลา,Himalayan glassy perchlet
1847,ปลา,Western Ghat glassy perchlet
1848,ปลา,อมไข่น้ำจืด  
1849,ปลา,แป้นแก้วสาละวิน  
1850,ปลา,Day's glassy perchlet
1851,ปลา,Freckled hawkfish
1852,ปลา,Buton glassy perchlet
1853,ปลา,แป้นแก้ว
1854,ปลา,ชื่อไทย: ปลากะพงขาว
1855,ปลา,Waigieu seaperch 
1856,ปลา,Malayan splitfin
1857,ปลา,Blackmouth splitfin
1858,ปลา,Sharptooth seabass
1859,ปลา,Glowbelly
1860,ปลา,แพะทะเลลึก
1861,ปลา,Mystery grouper
1862,ปลา,ชื่อไทย: ปลากะรังจุดฟ้า
1863,ปลา,Eightbar grouper
1864,ปลา,ปลาเก๋าถ่าน
1865,ปลา,Snowflake soapfish
1866,ปลา,Yellowback anthias 
1867,ปลา,Marbled coralgrouper
1868,ปลา,กะรัง
1869,ปลา,Blacksaddled coralgrouper 
1870,ปลา,ชื่อไทย: กุดสลาดจุดฟ้า
1871,ปลา,Dotted grouper 
1872,ปลา,Barred-chest grouper 
1873,ปลา,Bridled grouper 
1874,ปลา,กะรังลายตาข่าย
1875,ปลา,กะรังจุดขาว
1876,ปลา,กะรังลายตุ๊กแก
1877,ปลา,Brown-spotted grouper
1878,ปลา,Speckled blue grouper
1879,ปลา,Starspotted grouper 
1880,ปลา,White-streaked grouper 
1881,ปลา,Foursaddle grouper 
1882,ปลา,Longspine grouper 
1883,ปลา,Snubnose grouper 
1884,ปลา,Oblique-banded grouper 
1885,ปลา,Potato grouper 
1886,ปลา,Camouflage grouper 
1887,ปลา,ปลากะรังนกแก้ว
1888,ปลา,กะรัง
1889,ปลา,กะรัง
1890,ปลา,กะรังแดงจุดน้ำเงิน
1891,ปลา,กะรังหกบั้ง
1892,ปลา,กะรังหางไหม้
1893,ปลา,Flame anthias 
1894,ปลา,ปลาทอง
1895,ปลา,ปลากะรังหางวงเดือน
1896,ปลา,กะรังลายเส้นขาว
1897,ปลา,กะรังเลือดนก
1898,ปลา,กะพงเหลืองเล็ก
1899,ปลา,ชื่อไทย: กะรังเหลืองจุดสีฟ้า
1900,ปลา,Sea goldie 
1901,ปลา,กะรังลายน้ำตาล
1902,ปลา,กะรังข้างขีด
1903,ปลา,กะรังขาวเจ็ดแถบ
1904,ปลา,Rock grouper
1905,ปลา,กะรังลายสามเส้น
1906,ปลา,กะรังเสือหลังปาน
1907,ปลา,Honeycomb grouper 
1908,ปลา,กะรังแก้มแถบ
1909,ปลา,กะรังลายหางตัด
1910,ปลา,กะรังด่างจุดขาว
1911,ปลา,กะรังแดง
1912,ปลา,Blue-and-yellow grouper 
1913,ปลา,กะรังจุดเหลือง
1914,ปลา,กะรังปากแม่น้ำ
1915,ปลา,Spinycheek grouper
1916,ปลา,กะรังลายหินอ่อน
1917,ปลา,กะรังเสือครีบยาว
1918,ปลา,หมอทะเล
1919,ปลา,Longtooth grouper
1920,ปลา,ปลาเก๋าหกเส้น
1921,ปลา,กะรังส้ม
1922,ปลา,กะรังลายน้ำเงิน
1923,ปลา,กะรังแดงหัวลาย
1924,ปลา,กะรังลายนกยูง
1925,ปลา,กะรังท้องกำปั้น
1926,ปลา,กะรังลายขวางจุดน้ำเงิน
1927,ปลา,กะรังหน้างอน
1928,ปลา,ปลาเก๋าหนวด
1929,ปลา,กะรัง
1930,ปลา,Ocellate soapfish
1931,ปลา,Honeycomb podge
1932,ปลา,กะรัง
1933,ปลา,กะรัง
1934,ปลา,Filamentous anthiine 
1935,ปลา,กะรังดาว
1936,ปลา,Goldribbon soapfish
1937,ปลา,Red-belted anthias 
1938,ปลา,ชื่อไทย: กะรังจิ๋ยวสีส้ม
1939,ปลา,Greasy grouper 
1940,ปลา,Malabar grouper 
1941,ปลา,
1942,ปลา,เก๋าแคระ
1943,ปลา,เก๋าแคระ
1944,ปลา,Diadem dottyback
1945,ปลา,Andaman dottyback 
1946,ปลา,Fire-tail devil
1947,ปลา,ไหลทราย
1948,ปลา,Blackmargin dottyback 
1949,ปลา,Pseudoplesiops rosae
1950,ปลา,Yellow-breasted dottyback
1951,ปลา,Stripe-tailed dottyback
1952,ปลา,Brown dottyback 
1953,ปลา,Eastern hulafish
1954,ปลา,ปลาครีบยาว
1955,ปลา,กัดทะเล
1956,ปลา,Bluegill longfin 
1957,ปลา,กัดทะเล
1958,ปลา,Bigscale jawfish
1959,ปลา,Rosenberg's jawfish
1960,ปลา,Blueblotch jawfish
1961,ปลา,Birdled jawfish
1962,ปลา,บาง
1963,ปลา,ตาหวาน
1964,ปลา,Japanese bigeye 
1965,ปลา,ตาหวาน
1966,ปลา,ตาหวาน
1967,ปลา,ปลาตาหวาน
1968,ปลา,Paeony bulleye 
1969,ปลา,ตาหวาน
1970,ปลา,อมไข่
1971,ปลา,Oblique-banded cardinalfish 
1972,ปลา,อมไข่
1973,ปลา,อมไข่
1974,ปลา,อมไข่
1975,ปลา,อมไข่
1976,ปลา,Moluccan cardinalfish
1977,ปลา,อมไข่
1978,ปลา,ปลาอมไข่
1979,ปลา,Eightspine cardinalfish
1980,ปลา,ปลาอมไข่
1981,ปลา,ปลาอมไข่
1982,ปลา,Fire-eye cardinalfish
1983,ปลา,Tubifer cardinalfish
1984,ปลา,อมไข่
1985,ปลา,อมไข่
1986,ปลา,Flagfin cardinalfish 
1987,ปลา,อมไข่หางตัด
1988,ปลา,อมไข่
1989,ปลา,Indian perch
1990,ปลา,อมไข่
1991,ปลา,Lea's cardinalfish
1992,ปลา,
1993,ปลา,อมไข่น้ำตาลอ่อน
1994,ปลา,อมไข่
1995,ปลา,Offshore cardinalfish 
1996,ปลา,Rib-bar cardinalfish
1997,ปลา,
1998,ปลา,Gon's cardinalfish
1999,ปลา,Orangelined cardinalfish
2000,ปลา,อมไข่
2001,ปลา,Barless cardinalfish
2002,ปลา,สร้อยนกเขาหน้าหมอง  
2003,ปลา,ชื่อไทย: อมไข่
2004,ปลา,อมไข่
2005,ปลา,Wolf cardinalfish
2006,ปลา,Candystripe cardinalfish
2007,ปลา,Ring-tailed cardinalfish
2008,ปลา,Cook's cardinalfish
2009,ปลา, ปลาสร้อยนกเขา 
2010,ปลา,Half-barred cardinal
2011,ปลา,อมไข่ทับทิม
2012,ปลา,อมไข่หางดำ
2013,ปลา,อมไข่
2014,ปลา,อมไข่ดำ
2015,ปลา,Amboina cardinalfish
2016,ปลา,Smallscale cardinal
2017,,
2018,ปลา,อมไข่
2019,ปลา,อมไข่
2020,ปลา,Marbled cardinalfish
2021,ปลา,Bridled cardinalfish
2022,ปลา,อมไข่
2023,ปลา,อมไข่
2024,ปลา,อมไข่ยักษ์
2025,ปลา,อมไข่ลายห้าเส้น
2026,ปลา,อมไข่
2027,ปลา,อมไข่
2028,ปลา,ปลาอมไข่
2029,ปลา,ปลาอมไข่
2030,ปลา,B-spot cardinalfish 
2031,ปลา,Narrowstripe cardinalfish
2032,ปลา,Three-spot cardinalfish
2033,ปลา,Hayashi's cardinalfish 
2034,ปลา,Clubfoot sillago
2035,ปลา,Oriental sillago 
2036,ปลา,Asian sillago 
2037,ปลา,"ปลาเห็ดโคนทราย,ซ่อนทราย"
2038,ปลา,Bay sillago 
2039,ปลา,Intermediate sillago 
2040,ปลา,Mud sillago
2041,ปลา,ชื่อไทย: ซ่อนทรายแท่ง
2042,ปลา,Japanese sillago
2043,ปลา,Flathead sillago 
2044,ปลา,"ปลาเห็ดโคนเงิน,ซ่อนทรายเงิน"
2045,ปลา,ปลากะพงสวรรค์
2046,ปลา,กุเราแคระ  กะพงสวรรค์
2047,ปลา,Quakerfish 
2048,ปลา,Blue blanquillo 
2049,ปลา,ปลากะพงสวรรค์
2050,ปลา,ซับขนุน
2051,ปลา,Bluefish
2052,ปลา,อีโต้มอญ
2053,ปลา,อีโต้มอญ
2054,ปลา,ปลาช่อนทะเล
2055,ปลา,Slender suckerfish 
2056,ปลา,ปลาฉลามครีบดำ
2057,ปลา,เหาฉลาม  ติด  เหา
2058,ปลา,Mackerel scad
2059,ปลา,Razorbelly scad
2060,ปลา,ทูแขก
2061,ปลา,Roughear scad
2062,ปลา,ปลาล่องลมลาย
2063,ปลา,ปลาสละเกล็ดเหลี่ยม
2064,ปลา,สีกุนเผือก
2065,ปลา,สีกุน  หางแข็ง
2066,ปลา,เฉลียบ
2067,ปลา,เฉลียบป้อม
2068,ปลา,ปลาสละเกล็ดยาว
2069,ปลา,ปลาสีกุนทอง
2070,ปลา,สีกุนทองตาโต
2071,ปลา,ปลาข้างเหลือง
2072,ปลา,ปลาสำลีน้ำลึก
2073,ปลา,"ปลาสำลี,ปลาช่อลำดวน"
2074,ปลา,ปลาล่องลมจุด
2075,ปลา,ปลาล่องลม
2076,ปลา,Pompano
2077,ปลา,ปลาหางแข็ง
2078,ปลา,Herring scad 
2079,ปลา,ผมนางลาย
2080,ปลา,ผมนาง
2081,ปลา,Shrimp scad 
2082,ปลา,Blackfin scad 
2083,ปลา,ตะโกรงขาว
2084,ปลา,สีกุนกบ
2085,ปลา,Shortfin scad
2086,ปลา,Amberstripe scad
2087,ปลา,จาระเม็ดดำ
2088,ปลา,หางแข็ง  สีกุน  กล้วยเกาะ  เหลืองโพรง
2089,ปลา,ชื่อไทย: ตะกลองเหลือง
2090,ปลา,กะมงตาแดง
2091,ปลา,กะมงครีบฟ้า
2092,ปลา,สีกุนป้อม
2093,ปลา,สีกุน  หางแข็ง
2094,,
2095,ปลา,สีกุน  หางแข็ง
2096,ปลา,สีกุน  หางแข็ง
2097,ปลา,สีกุนเล็กครีบดำ
2098,ปลา,ปลาขาไก่หรือแข้งไก่
2099,ปลา,ปลาจุยจินเหงือกยาว
2100,ปลา,ปลาจุยจินบั้ง
2101,ปลา,ปลาจุ้ยจินแคระ
2102,ปลา,สีกุน  หางแข็ง
2103,ปลา,สีกุน  หางแข็ง
2104,ปลา,สีกุน
2105,ปลา,สีกุน  หางแข็ง
2106,ปลา,กะมงดำ
2107,ปลา,กะมงขาว
2108,ปลา,Redtail scad
2109,ปลา,Longfin yellowtail
2110,ปลา,Indian pompano
2111,ปลา,จุยจินขาว
2112,ปลา,สีกุน
2113,ปลา,สีกุน  หางแข็ง
2114,ปลา,สีกุน  หางแข็ง
2115,ปลา,สีกุน  หางแข็ง
2116,ปลา,ตะคองจุดเหลือง
2117,ปลา,กะมงแก้มหนา
2118,ปลา,มงหัวดำ
2119,ปลา,สีกุน  หางแข็ง
2120,ปลา,ทูแขก  เก๋าเก้ง
2121,ปลา,หัวแข็ง
2122,ปลา,ปลาแป้นพระจันทร์
2123,ปลา,Striped ponyfish
2124,ปลา,ปลาแป้น
2125,ปลา,แป้นแก้ว
2126,ปลา,ชื่อไทย: แป้นแก้วยักษ์
2127,ปลา,แปบทะเล
2128,ปลา,"ปลาแป้นกะหลอน,แป้นเบี้ย"
2129,ปลา,Golden ponyfish
2130,ปลา,แป้นกระโดงจุด
2131,ปลา,
2132,ปลา,Smalltoothed ponyfish
2133,ปลา,Rhomboid toothpony
2134,ปลา,-
2135,ปลา,Pig-nosed pony-fish
2136,ปลา,Bigscale ponyfish
2137,ปลา,Ponyfish
2138,ปลา,แป้นปากหมู
2139,ปลา,ปลาแป้น
2140,ปลา,แป้น
2141,ปลา,Berber ponyfish
2142,ปลา,ชื่อไทย: แป้นจมูกสั้น
2143,ปลา,ปลาแป้น
2144,ปลา,Dussumier's ponyfish
2145,ปลา,Orangefin ponyfish 
2146,ปลา,แป้น
2147,ปลา,แป้นกระโดงยาว
2148,ปลา,แป้น
2149,ปลา,ปลาแป้นเขี้ยว
2150,ปลา,แป้น
2151,ปลา,แป้น
2152,ปลา,จะละเม็ด  แขกดำ
2153,ปลา,กะพงแดง
2154,ปลา,กะพงแดง
2155,ปลา,Golden eye jobfish
2156,ปลา,กะพงแดง
2157,ปลา,กะพงแดง
2158,ปลา,Ornate jobfish
2159,ปลา,Goldflag jobfish
2160,ปลา,Crimson jobfish
2161,ปลา,Lavender jobfish
2162,ปลา,Oblique-banded snapper
2163,ปลา,ปลากะพงลายพาด
2164,ปลา,กะพงแดง
2165,ปลา,Moluccan snapper
2166,ปลา,กะพงแดง
2167,ปลา,กะพงแดง
2168,ปลา,กะพงแดง
2169,ปลา,กะพงเหลืองห้าเส้น
2170,ปลา,ปลากะพงข้างปาน
2171,ปลา,ปลากะพงแดง
2172,ปลา,ปลากะพงแดง
2173,ปลา,ปลากะพงแดง
2174,ปลา,กะพงแดง
2175,ปลา,กะพงแดง  สีทอง
2176,ปลา,กะพงแดง 
2177,ปลา,กะพงแดง  สีทอง
2178,ปลา,Midnight snapper
2179,ปลา,Black and white snapper
2180,ปลา,Sailfin snapper
2181,ปลา,กะพงแดง
2182,ปลา,กะพงแดง
2183,ปลา,Chinamanfish
2184,ปลา,ปลากะพงแดง
2185,ปลา,กะพงแดง
2186,ปลา,กะพงแดง
2187,ปลา,กะพงแดง
2188,ปลา,ปลาข้างปาน
2189,ปลา,กะพงแดง
2190,ปลา,กะพงแดง
2191,ปลา,ปลากะพงข้างปาน
2192,ปลา,ปลากะพงแถบน้ำเงิน
2193,ปลา,กะพงแดง
2194,ปลา,กะพงแดง
2195,ปลา,กะพงแดง
2196,ปลา,กะพงแดง
2197,ปลา,กะพงแดง
2198,ปลา,กะพงแดง
2199,ปลา,ปลากะพงแดง
2200,ปลา,กะพงแดง
2201,ปลา,ปลาทรายแดงใหญ่
2202,ปลา,Pinjalo
2203,ปลา,กะพงแดง
2204,ปลา,Marr's fusilier
2205,ปลา,ปลาเหลืองโพลง
2206,ปลา,Double-lined fusilier
2207,ปลา,Randall's fusilier
2208,ปลา,One-stripe fusilier
2209,ปลา,เหลืองโพรง
2210,ปลา,Yellow and blueback fusilier
2211,ปลา,Slender fusilier
2212,ปลา,Goldband fusilier
2213,ปลา,Banana fusilier
2214,ปลา,Dark-banded fusilier
2215,ปลา,เหลืองปล้องหม้อ
2216,ปลา,หางเหลือง
2217,ปลา,กล้วยน้ำเงินหางจุด
2218,ปลา,เหลืองโพรง
2219,ปลา,กะพงขี้เซา
2220,ปลา,Finescale tigerfish
2221,ปลา,กะพงลาย
2222,ปลา,เสือตอลายใหญ่
2223,ปลา,เสือตอลายเล็ก
2224,ปลา,Strong spined silver-biddy
2225,ปลา,ปลาดอกหมากกระโดงตาโต
2226,ปลา,Small Bengal silver-biddy
2227,ปลา,Gold sheen silver-biddy
2228,ปลา,Saddleback silver-biddy
2229,ปลา,Strongspine silver-biddy
2230,ปลา,Malayan silver-biddy
2231,ปลา,Banded silver-biddy
2232,ปลา,Longspine silverbiddy
2233,ปลา,ดอกหมากครีบยาว
2234,ปลา,ปลาดอกหมากกระโดง
2235,ปลา,ปลาดอกหมากครีบสั้น
2236,ปลา,Slender silver-biddy
2237,ปลา,ชื่อไทย: เกร็ดข้าวเม่า
2238,ปลา,สร้อยนกเขาทะเล
2239,ปลา,ปลาสร้อยนกเขา
2240,ปลา,ชื่อไทย: สร้อยนกเขาอันดามัน
2241,ปลา,ขี้นกปากหมู
2242,ปลา,"ปลากะพงแสมเกล็ดเงิน, ปลาครืดคราดเกล็ดเงิน"
2243,ปลา, สร้อยนกเขาทะเล
2244,ปลา,ปลาหูช้างหน้าตั้ง
2245,ปลา,ปลาสร้อยนกเขา
2246,ปลา,"ปลากะพงแสม,ครืดคราด,ออดแอด"
2247,ปลา,กะทิขูด
2248,ปลา,"ปลาสร้อยนกเขา,กระต่ายขูด,ตะเภา"
2249,ปลา,ปลาสร้อยนกเขา
2250,ปลา,ปลาสร้อยนกเขา
2251,ปลา,ปลาสร้อยนกเขา
2252,ปลา,สร้อยนกเขาทะเล
2253,ปลา,ปลากะพงแสมแก้มดำ
2254,ปลา,ปลาสร้อยนกเขา
2255,ปลา,ปลากะพงแสมแถบดำ
2256,ปลา,ปลาสร้อยนกเขา
2257,ปลา,Black-ear javelin
2258,ปลา,สร้อยนกเขาทะเล
2259,ปลา,Yellow-tipped threadfin bream
2260,ปลา,ปลาทรายขาวหลังแถบขาว
2261,ปลา,ปลาทรายขาว
2262,ปลา,ปลาทรายขาวเกล็ดเหลือง
2263,ปลา,Monogrammed monocle bream
2264,ปลา,ปลาทรายขาวแถบ
2265,ปลา,"ปลาทรายส้ม,ปลากรัง"
2266,ปลา,ปลาทรายขาวลายสองเส้น
2267,ปลา,Yellowstripe monocle bream
2268,ปลา,ปลาทรายแดงหลอด
2269,ปลา,ปลาทรายแดง
2270,ปลา,ปลาทรายแดงปานแดง
2271,ปลา,ปลาทรายแดงโม่ง
2272,ปลา,ปลาทรายแดงญี่ปุ่น
2273,ปลา,ปลาทรายแดงหางเหลือง
2274,ปลา,ปลาทรายแดง
2275,ปลา,ปลาทรายแดงกระโดง
2276,ปลา,ปลาทรายแดง
2277,ปลา,Golden threadfin bream
2278,ปลา,ทรายขาว
2279,ปลา,ปลาทรายแดง
2280,ปลา,ปลาทรายแดง
2281,ปลา,ปลาทรายแดง
2282,ปลา,ปลาทรายแดง
2283,ปลา,Teardrop threadfin bream
2284,,
2285,ปลา,Rosy dwarf monocle bream
2286,ปลา,Unarmed dwarf monocle bream
2287,ปลา,Striped whiptail
2288,ปลา,ปลาทรายขาวจุด
2289,ปลา,Oblique-barred monocle bream
2290,ปลา,Peters' monocle bream
2291,ปลา,Bridled monocle bream
2292,ปลา,ปลาทรายแดง
2293,ปลา,Dawn threadfin bream
2294,ปลา,Mozambique large-eye bream
2295,ปลา,หมูสี
2296,ปลา,หมูสี
2297,ปลา,หมูสี
2298,ปลา,หมูสี
2299,ปลา,หมูสี
2300,ปลา,ปลาหมูสีแก้มแดง
2301,ปลา,หมูสี
2302,ปลา,หมูสี
2303,ปลา,หมูสี
2304,ปลา, หมูสี
2305,ปลา, หมูสี
2306,ปลา, หมูสี
2307,ปลา, หมูสี
2308,ปลา, หมูสี
2309,ปลา,Striped large-eye bream
2310,ปลา,Forktail large-eye bream
2311,ปลา,Japanese large-eye bream
2312,ปลา,Yellowsnout large-eye bream
2313,ปลา,Blue-lined large-eye bream
2314,ปลา,Blue-spotted large-eye bream
2315,ปลา,Humpnose big-eye bream
2316,ปลา,Longspine emperor
2317,ปลา,หมูสี
2318,ปลา, หมูสี
2319,ปลา,ปลาหมูสีแก้มแดง
2320,ปลา, หมูสี
2321,ปลา, หมูสีข้างเหลือง
2322,ปลา,ปลาสีกรุด
2323,ปลา,Pacific seabream
2324,ปลา,Goldlined seabream
2325,ปลา,อีคลุด
2326,ปลา,Goldsilk seabream
2327,ปลา,Yellowfin seabream
2328,ปลา,ปลาทรายแดงญี่ปุ่น
2329,ปลา,กุเรา
2330,ปลา,Six-finger threadfin
2331,ปลา,Eastern paradise fish
2332,ปลา,หนวดพราหมณ์
2333,ปลา,กุเรา
2334,ปลา,กุเรา
2335,ปลา,กุเรา
2336,ปลา,Small-mouth threadfin
2337,ปลา,Blackhand paradise fish
2338,ปลา,Blackspot threadfin
2339,ปลา,หนวดพราหมณ์หนวด 14 เส้น  
2340,ปลา,ชื่อไทย: กุเราจุดดำ
2341,ปลา,Northern paradise fish
2342,ปลา,กุเรา
2343,ปลา,กุเราหนวดสามเส้น
2344,ปลา,กุเราหนวดสี่เส้น 
2345,ปลา,Striped threadfin
2346,ปลา,Largemouth striped threadfin
2347,ปลา,หนวดพราหมณ์  
2348,ปลา,Coitor croaker
2349,ปลา,จวด
2350,ปลา,จวด
2351,ปลา,ปลาจวด
2352,ปลา,Yellow drum
2353,ปลา,Croaker
2354,ปลา,Bigmouth croaker
2355,ปลา,-
2356,ปลา,Large-scale croaker
2357,ปลา,หมอแคระใต้
2358,ปลา,หมอแคระแม่กลอง
2359,ปลา,หมอแคระแม่โขง
2360,ปลา,Largefin croaker
2361,ปลา,ปลาจวดเตียนเขี้ยว
2362,ปลา,Big-head pennah croaker
2363,ปลา,จวด
2364,ปลา,จวด
2365,ปลา,สร้อยนกเขาพรุ  
2366,ปลา,ปลาจวด
2367,ปลา,เสือดำ
2368,ปลา,ปลาจวด
2369,ปลา,Prickly croaker
2370,ปลา,นกแก้ว
2371,ปลา,จวดหน้าสั้น
2372,ปลา,ปลาจวด
2373,ปลา,ปลาจวดหน้ามอม
2374,ปลา,ปลาจวด
2375,ปลา,ปลาจวดแถบขาว
2376,ปลา,
2377,ปลา,Large-eye croaker
2378,ปลา,Blotched tiger-toothed croaker
2379,ปลา,Blackspotted croaker
2380,ปลา,Panna croaker
2381,ปลา,จวดครีบเทา
2382,ปลา,Armour croaker
2383,ปลา,Bigmouth croaker
2384,ปลา,จวด
2385,ปลา,ปลาดุมชี
2386,ปลา,Bengal corvina
2387,ปลา,Sharpnose croaker
2388,ปลา,ปลาจวด
2389,ปลา,ปลาจวด
2390,ปลา,Bearded croaker
2391,ปลา,ปลาจวด
2392,ปลา,Broad-head croaker
2393,ปลา,Big-snout croaker
2394,ปลา,Pawak croaker
2395,ปลา,ปลาจวดหน้าทู่
2396,ปลา,Gangetic leaffish
2397,ปลา,Cuja bola
2398,ปลา,Silver croaker
2399,ปลา, หมอช้างเหยียบแดง
2400,ปลา,หมอแคระ  
2501,ปลา,Yellowface angelfish
2502,ปลา,สินสมุทรแปลงหน้าดำ
2503,ปลา,สินสมุทร
2504,ปลา,Blackstriped angelfish
2505,ปลา,สินสมุทร
2506,ปลา,สินสมุทรจิ๋วลายเสือ
2507,ปลา,ปลาข้างตะเภาลายตรง
2508,ปลา,ปลาข้างตะเภาเกล็ดเล็ก
2509,ปลา,ปลาตะเภาลายโค้ง
2510,ปลา,ชื่อไทย: ข้างตะเภาจุด
2511,ปลา,Six-lined trumpeter
2512,ปลา,Rock flagtail
2513,ปลา,Barred flagtail 
2514,ปลา,สลิดทอง
2515,ปลา,ปลาเหยี่ยวปากยาว 
2516,ปลา, กะพงเหลือง
2517,ปลา,ชื่อไทย: เหยี่ยวหน้าจุด
2518,ปลา,กะพงเหลือง
2519,ปลา,กะพงเหลือง
2520,ปลา,แจว
2521,ปลา,แถบ
2522,ปลา,แจว
2523,ปลา,Redbelly tilapia
2524,ปลา,Mexican mojarra
2525,ปลา,Redbreast tilapia
2526,ปลา,Mozambique tilapia
2527,ปลา,Blue tilapia
2528,ปลา,Nile tilapia
2529,ปลา,Jack Dempsey
2530,ปลา,Pacific gregory
2531,ปลา,Dusky farmerfish 
2532,ปลา,Western gregory 
2533,ปลา,อินเดียนแดง
2534,ปลา,Black-banded demoiselle
2535,ปลา,การ์ตูนลายปล้อง
2536,ปลา,การ์ตูนปล้องหางเหลือง
2537,ปลา,Spiny chromis
2538,ปลา,Cloudy dascyllus
2539,ปลา,สลิดหิน
2540,ปลา,สลิดหิน
2541,ปลา,การ์ตูน
2542,ปลา,ปลาสลิดหินจุด
2543,ปลา,Scaly damsel 
2544,ปลา,Similar damsel 
2545,ปลา,Yellow-sided damsel
2546,ปลา,Colombo damsel
2547,ปลา,ปลาสลิดหินหางพริ้วสีเทา
2548,ปลา,ปลาสลิดหิน
2549,ปลา,Violet demoiselle 
2550,ปลา,หัวขาว การ์ตูน
2551,ปลา,Carlson's damsel
2552,ปลา,Jordan's damsel 
2553,ปลา,การ์ตูนมะเขือเทศ
2554,ปลา,สลิดหินบั้งท้องขาว
2555,ปลา,Lagoon damselfish 
2556,ปลา,ปลาสลิดหินแก้มดำ
2557,ปลา,ปลาสลิดหินหางพริ้วท้องขาว
2558,ปลา,ปลาสลิดหินหางพริ้วสีน้ำตาล
2559,ปลา,การ์ตูน
2560,ปลา,Smith's damsel
2561,ปลา,Ward's damsel
2562,ปลา,การ์ตูน
2563,ปลา,ชื่อไทย: สลิดหิน
2564,ปลา,Whitespotted devil 
2565,ปลา,Obscure damsel 
2566,ปลา,ชื่อไทย: สลิดหิน
2567,ปลา,Alexander's damsel 
2568,ปลา,ชื่อไทย: สลิดหิน
2569,ปลา,Bluespotted damsel 
2570,ปลา,Speckled damselfish
2571,ปลา,Blue-spot damsel 
2572,ปลา,Orange-spot damsel
2573,ปลา,Nagasaki damsel 
2574,ปลา,Thai damsel 
2575,ปลา,Batavia damsel
2576,ปลา,Princess damsel
2577,ปลา,Caerulean damsel
2578,ปลา,สลิดหิน
2579,ปลา,สลิดหิน
2580,ปลา,สลิดหิน
2581,ปลา,สลิดหิน
2582,ปลา,สลิดหิน
2583,ปลา,สลิดหินตาโต
2584,ปลา,สลิดหิน
2585,ปลา,สลิดหิน
2586,ปลา,สลิดหิน
2587,ปลา,สลิดหิน
2588,ปลา,สลิดหิน
2589,ปลา,สลิดหิน
2590,ปลา,สลิดหิน
2591,ปลา,สลิดหิน
2592,ปลา,สลิดหิน
2593,ปลา,สลิดหิน
2594,ปลา,สลิดหิน
2595,ปลา,สลิดหิน
2596,ปลา,สลิดหิน
2597,ปลา,สลิดหิน
2598,ปลา,Wedgespot damsel 
2599,ปลา,Blunt snout gregory 
2600,ปลา,ปลาสลิดหินจุดฟ้า
2601,ปลา,ปลาสลิดหินหางพริ้วพันธ์จีน
2602,ปลา,ปลาสลิดหินแก้มดำ
2603,ปลา,ปลาสลิดหินหางพริ้วธรรมดา
2604,ปลา,การ์ตูน
2605,ปลา,ตะกรับเขียว
2606,ปลา,ตะกรับเขียว
2607,ปลา,การ์ตูนอินเดียนแดง
2608,ปลา,การ์ตูน
2609,ปลา,การ์ตูนลายปล้อง
2610,ปลา,การ์ตูนปานดำ
2611,ปลา,การ์ตูนส้มขาว
2612,ปลา,การ์ตูนเพอคูล่า
2613,ปลา,การ์ตูนอินเดียนแดง
2614,ปลา,การ์ตูนอานม้า
2615,ปลา,สลิดหินบั้ง
2616,ปลา,ตะกรับ
2617,ปลา,ตะกรับ
2618,ปลา,ตะกรับ
2619,ปลา,ตะกรับ
2620,ปลา,สลิดหินจุดดำ
2621,ปลา,Dusky seargent
2622,ปลา,Sergeant-major
2623,ปลา,สลิดเหลือง
2624,ปลา,สลิดหน้าสั้น
2625,ปลา,Reticulate dascyllus
2626,ปลา,สลิดหินสามจุด
2627,ปลา,สลิดหิน
2628,ปลา,Gulf damselfish 
2629,ปลา,Singlebar devil
2630,ปลา,Ambon damsel 
2631,ปลา,Charcoal damsel
2632,ปลา,Whitetail damsel 
2633,ปลา,Neon damselfish 
2634,ปลา,Smoky damsel 
2635,ปลา,ชื่อไทย: สลิดหิน
2636,ปลา,Philippine damsel 
2637,ปลา,ปลาสลิดหิน
2638,ปลา,สลิดหิน
2639,ปลา,สลิดหิน
2640,ปลา,สลิดหิน
2641,ปลา,สลิดหิน
2642,ปลา,สลิดหิน
2643,ปลา,Twin demoiselle
2644,ปลา,สลิดหิน
2645,ปลา,Gulf damselfish
2646,ปลา,Lemon damsel 
2647,ปลา,Pesce damigella
2648,ปลา,สลิดหิน
2649,ปลา,ปลานกขุนทอง
2650,ปลา,Peacock wrasse
2651,ปลา,Lined wrasse 
2652,ปลา,Yellowbreasted wrasse 
2653,ปลา,นกขุนทอง
2654,ปลา,นกขุนทอง
2655,ปลา,Adorned wrasse 
2656,ปลา,ปลานกขุนทอง
2657,ปลา,Erdmann's wrasse
2658,ปลา,Circle-cheek wrasse
2659,ปลา,Baldwin's razorfish
2660,ปลา,Two-spot razorfish
2661,ปลา,Green birdmouth wrasse
2662,ปลา,Yellowspotted wrasse
2663,,
2664,ปลา,นกขุนทอง
2665,ปลา,Blue-nose wrasse
2666,ปลา,Blue-nose wrasse
2667,ปลา,Sharpnose wrasse 
2668,ปลา,ปลานกขุนทองสองสี
2669,ปลา,นกขุนทอง
2670,ปลา,McCosker's flasher
2671,ปลา,ปลานกขุนทองแถบเขียว
2672,ปลา,ปลานกขุนทอง
2673,ปลา,Three-lined rainbowfish
2674,ปลา,ปลานกขุนทอง
2675,ปลา,Cheeklined wrasse
2676,ปลา,Bluntheaded wrasse
2677,ปลา,Sixbar wrasse
2678,ปลา,Jansen's wrasse 
2679,ปลา,นกขุนทอง
2680,ปลา,Blue-banded wrasse
2681,ปลา,นกขุนทอง
2682,ปลา,นกขุนทอง
2683,ปลา,ปลานกขุนทอง
2684,ปลา,นกขุนทอง
2685,ปลา,ปลานกขุนทอง
2686,ปลา,Spotted wrasse
2687,ปลา,New Guinea wrasse
2688,ปลา,นกขุนทอง
2689,ปลา,นกขุนทอง
2690,ปลา,นกขุนทอง
2691,ปลา,นกขุนทอง
2692,ปลา,นกขุนทองปากยื่น
2693,ปลา,Bird wrasse
2694,ปลา,ปลานกขุนทอง
2695,ปลา,ปลานกขุนทองเขียว
2696,ปลา,ปลานกขุนทองลายเหลื่อม
2697,ปลา,ปลานกขุนทอง
2698,ปลา,ปลานกขุนทอง
2699,ปลา,ปลานกขุนทอง
2700,ปลา,ปลานกขุนทอง
num,group,name
2701,ปลา,ปลาเหลืองหิน
2702,ปลา,ปลานกขุนทอง
2703,ปลา,ปลานกขุนทองสองสี
2704,ปลา,Fivefinger wrasse
2705,ปลา,นกขุนทอง
2706,ปลา,นกขุนทองหัวโหนก
2707,ปลา,นกขุนทอง
2708,ปลา,นกขุนทอง
2709,ปลา,นกขุนทองแอฟริกา
2710,ปลา,นกขุนทองแดง
2711,ปลา,นกขุนทองจุดแดง
2712,ปลา,นกขุนทองลายพาด
2713,ปลา,นกขุนทองเกล็ดแดง
2714,ปลา,นกขุนทองสีฟ้า
2715,ปลา,Blackspotted wrasse
2716,ปลา,ปลานกขุนทอง
2717,ปลา,นกขุนทอง
2718,ปลา,ปลานกขุนทอง
2719,ปลา,นกขุนทอง
2720,ปลา,ปลานกขุนทอง
2721,ปลา,ปลานกขุนทอง
2722,ปลา,Striated wrasse 
2723,ปลา,Sixline wrasse 
2724,ปลา,นกขุนทอง
2725,ปลา,นกขุนทอง
2726,ปลา,Bluelined wrasse 
2727,ปลา,Belted wrasse
2728,ปลา,Red shoulder wrasse
2729,ปลา,Cutribbon wrasse 
2730,ปลา,Three-ribbon wrasse 
2731,ปลา,นกขุนทอง
2732,ปลา,นกขุนทอง
2733,ปลา,Surge wrasse 
2734,ปลา,Christmas wrasse 
2735,ปลา,ปลานกขุนทอง
2736,ปลา,ปลานกขุนทองแถบเหลืองทอง 
2737,ปลา,Tail-spot wrasse
2738,ปลา,Ornamented wrasse
2739,ปลา,Threespot wrasse
2740,ปลา,Cryptic wrasse 
2741,ปลา,ปลานกขุนทอง
2742,ปลา,ปลานกขุนทอง
2743,ปลา,Snooty wrasse 
2744,ปลา,Cigar wrasse
2745,ปลา,Spottail wrasse 
2746,ปลา,Two-spot wrasse
2747,ปลา,Chiseltooth wrasse 
2748,ปลา,Speckled maori wrasse
2749,ปลา,Oriental maori wrasse
2750,ปลา,Fivesaddle parrotfish 
2751,ปลา,Redbarred parrotfish
2752,ปลา,นกแก้ว
2753,ปลา,นกแก้ว
2754,ปลา,นกแก้ว
2755,ปลา,ปลานกแก้ว
2756,ปลา,นกแก้ว
2757,ปลา,นกแก้วแก้มน้ำเงิน
2758,ปลา,นกแก้ว
2759,ปลา,ปลานกแก้ว
2760,ปลา,ชื่อไทย: นกแก้วดำ
2761,ปลา,"ปลานกแก้วสีเพลิง,นกแก้วจุด"
2762,ปลา,ปลานกแก้วแก้มน้ำเงิน
2763,ปลา,ชื่อไทย: นกแก้ว
2764,ปลา,ชื่อไทย: นกแก้วแอฟริกา
2765,ปลา,ปลานกแก้วชะวา
2766,ปลา,Quoy's parrotfish
2767,ปลา,ชื่อไทย: นกแก้วแถบขาว
2768,ปลา,Bridled parrotfish 
2769,ปลา,Tricolour parrotfish 
2770,ปลา,นกแก้ว
2771,ปลา,นกแก้ว
2772,ปลา,Roundhead parrotfish 
2773,ปลา,ปลานกแก้ว
2774,ปลา,สากยี่
2775,ปลา,สากยี่
2776,ปลา,สากยี่
2777,ปลา,Harlequin sandperch
2778,ปลา,Redbar sandperch
2779,ปลา,ปลาตาแหงนหางดำ
2780,ปลา,ปลาตาแหงน
2781,ปลา,Spotted sandperch
2782,ปลา,ปลาตาแหงน
2783,ปลา,Yellowbar sandperch
2784,ปลา,ปลาตาแหงน
2785,ปลา,ปลาตาแหงนหางดำ
2786,ปลา,Reticulated sandperch
2787,ปลา,U-mark sandperch 
2788,ปลา,Latticed sandperch
2789,ปลา,Cylindrical sandperch
2790,ปลา,Black-dotted sandperch
2791,ปลา,Redspotted sandperch 
2792,ปลา,ปลาไหลทราย
2793,ปลา,ปากเป็ด
2794,ปลา,ปากเป็ด
2795,ปลา,-
2796,ปลา,ชอนทรายทะเล
2797,ปลา,ชอนทรายทะเล
2798,ปลา,-
2799,ปลา,Marbled stargazer 
2800,ปลา,ปลาอุบลาย
num,group,name
2801,ปลา,อุบครีบเหลือง
2802,ปลา,Two-spined yellow-tail stargazer 
2803,ปลา,ปลาสามครีบ
2804,ปลา,Scarf triplefin
2805,ปลา,สามครีบ
2806,ปลา,ปลาสามครีบ
2807,ปลา,Japanese blacktail triplefin 
2808,ปลา,Springer's triplefin 
2809,ปลา,Tropical striped triplefin 
2810,ปลา,Fourspot triplefin
2811,ปลา,Rhinocerus triplefin
2812,ปลา,ปลาสามครีบ
2813,ปลา,สามครีบ
2814,ปลา,สามครีบ
2815,ปลา,สามครีบ
2816,ปลา,สามครีบ
2817,ปลา,Helen's Triplefin
2818,ปลา,Largemouth triplefin 
2819,ปลา,Rosy triplefin
2820,ปลา,ปลาสามครีบ
2821,ปลา,ตั๊กแตนหิน
2822,ปลา,ตั๊กแตนหิน
2823,ปลา,ตั๊กแตนหิน
2824,ปลา,ตั๊กแตนหิน
2825,ปลา,ตั๊กแตนหิน
2826,ปลา,ตั๊กแตนหิน
2827,ปลา,ปลากระบี่ลาย
2828,ปลา,Rippled rockskipper
2829,ปลา,Lined rockskipper
2830,ปลา,ตั๊กแตนหิน
2831,ปลา, ตั้กแตนหิน
2832,ปลา, ตั้กแตนหิน
2833,ปลา,
2834,ปลา,Breast-spot blenny 
2835,ปลา,Imspringer
2836,ปลา,Disco blenny
2837,ปลา,ตั๊กแตนหิน
2838,ปลา,ตีนแถบ
2839,ปลา,ตั้กแตนหิน
2840,ปลา,Imposter fangblenny 
2841,ปลา,Jewelled blenny 
2842,ปลา,ตั้กแตนหิน
2843,ปลา,Cloister blenny
2844,ปลา,Muzzled blenny
2845,ปลา,กระบี่
2846,ปลา,ตั๊กแตนหิน
2847,ปลา,ตั๊กแตนหิน
2848,ปลา,Floral blenny 
2849,ปลา,ตีบแถบ
2850,ปลา,ตั้กแตนหิน
2851,ปลา,ตั้กแตนหิน
2852,ปลา,ตั้กแตนหิน
2853,ปลา,ตั้กแตนหิน
2854,ปลา,ตั้กแตนหิน
2855,ปลา,Fourpored blenny
2856,ปลา,ตั๊กแตนหิน
2857,ปลา,ตั้กแตนหิน
2858,ปลา,ตั้กแตนหิน
2859,ปลา,ตั๊กแตนหิน
2860,ปลา,Delicate blenny
2861,ปลา,ตั้กแตนหิน
2862,ปลา,ตั้กแตนหิน
2863,ปลา,ตั้กแตนหิน
2864,ปลา,ตั้กแตนหิน
2865,ปลา,ตั้กแตนหิน
2866,ปลา,Blue-lined blenny
2867,ปลา,Piano fangblenny 
2868,ปลา,Fringelip blenny
2869,ปลา,ตั้กแตนหิน
2870,ปลา,ตั้กแตนหิน
2871,ปลา,Tailspot fangblenny 
2872,ปลา,ตั๊กแตนหิน
2873,ปลา,ตั๊กแตนหิน
2874,ปลา,ตั้กแตนหิน
2875,ปลา,ปลาตุ๊ดตู่
2876,ปลา,ตั๊กแตนหิน
2877,ปลา,ตั้กแตนหิน
2878,ปลา,ตั้กแตนหิน
2879,ปลา,ตั้กแตนหิน
2880,ปลา,ตั้กแตนหิน
2881,ปลา,ตั้กแตนหิน
2882,ปลา,ตั้กแตนหิน
2883,ปลา,ตั้กแตนหิน
2884,ปลา,ตั๊กแตนหิน
2885,ปลา,ตั๊กแตนหิน
2886,ปลา,ตั๊กแตนหิน
2887,ปลา,บู่หอยเม่น
2888,ปลา,บู่หอยเม่น
2889,ปลา,บู่หอยเม่น
2890,ปลา,Starry dragonet 
2891,ปลา,มังกรน้อย
2892,ปลา,มังกรน้อย
2893,ปลา,Chinese ornate dragonet
2894,ปลา,มังกรน้อย
2895,ปลา,มังกรน้อย
2896,ปลา,มังกรน้อย
2897,ปลา,มังกรน้อย
2898,ปลา,มังกรน้อย
2899,ปลา,มังกรน้อย
2900,ปลา,มังกรน้อยท้องดำ
num,group,name
2901,ปลา,มังกรน้อย
2902,ปลา,Bartel's dragonet 
2903,ปลา,มังกรน้อย
2904,ปลา,มังกรน้อย
2905,ปลา,ปลามังกรน้อย
2906,ปลา,Ocellated dragonet
2907,ปลา,มังกรน้อยท้องดำ
2908,ปลา,มังกรน้อยลาย
2909,ปลา,มังกรน้อย
2910,ปลา,มังกรน้อย
2911,ปลา,มังกรน้อย
2912,ปลา,มังกรน้อยหัวมน
2913,ปลา,มังกรน้อย
2914,ปลา,มังกรน้อย
2915,ปลา,มังกรน้อย
2916,ปลา,มังกรน้อย
2917,ปลา,ปลาบู่กุดทิง
2918,ปลา,บู่ทราย
2919,ปลา,Olive flathead-gudgeon
2920,ปลา,บู่เกล็ดแข็ง
2921,ปลา,Small-eyed loter 
2922,ปลา,ปลาบู่ทราย
2923,ปลา,ปลาปักเป้า
2924,ปลา,บู่ทราย
2925,ปลา,บู่ทราย
2926,ปลา,บู่ทราย
2927,ปลา,Northern mud gudgeon
2928,ปลา,ปลาปักเป้า
2929,ปลา,ปลาปักเป้า
2930,ปลา,บู่เกล็ดแข็งหางแดง
2931,ปลา,บู่ทราย
2932,ปลา,Olive flathead-gudgeon
2933,ปลา,บู่เกล็ดแข็งเขียว
2934,ปลา,Black-spotted gudgeon
2935,ปลา,"ปลาบู่เกาะ, ปลาบู่เกาะสุรินทร์"
2936,ปลา,ปลาบู่ทราย
2937,ปลา,บู่ทราย
2938,ปลา,บู่ทราย
2939,ปลา,บู่ทราย
2940,ปลา,Flathead wriggler 
2941,ปลา,Clear wriggler 
2942,ปลา,Bullseye wriggler
2943,ปลา,-
2944,ปลา,บู่
2945,ปลา,บู่
2946,ปลา,บู่
2947,ปลา,Diagonal shrimp goby
2948,ปลา,Giant prawn-goby
2949,ปลา,Steinitz' prawn-goby 
2950,ปลา,บู่
2951,ปลา,บู่ปะการัง
2952,ปลา,บู่
2953,ปลา,Sphinx goby 
2954,ปลา,บู่
2955,ปลา,บู่
2956,ปลา,บู่
2957,ปลา,บู่
2958,ปลา,บู่เกล็ดแข็ง
2959,ปลา,Hairfin Eviota
2960,ปลา,Sebree's dwarfgoby
2961,ปลา,Adorned dwarfgoby
2962,ปลา,Zebra dwarfgoby
2963,ปลา,บู่
2964,ปลา,บู่
2965,ปลา,บู่
2966,ปลา,บู่
2967,ปลา,บู่
2968,ปลา,บู่
2969,ปลา,Rigilius goby
2970,ปลา,Decorated goby
2971,ปลา,Goldman's goby
2972,ปลา,ปลาบู่หัวโต
2973,ปลา,Stripehead goby
2974,ปลา,Yellow cave goby 
2975,ปลา,บู่
2976,ปลา,Downing's shrimpgoby
2977,ปลา,บู่
2978,ปลา,Freckled goby
2979,ปลา,Robust mangrove goby
2980,ปลา,บู่
2981,ปลา,บู่
2982,ปลา,บู่
2983,ปลา,บู่
2984,ปลา,บู่
2985,ปลา,Herre's Eviota
2986,ปลา,Finespot Eviota
2987,ปลา,Spottedfin dwarfgoby
2988,ปลา,ปลาบู่
2989,ปลา,บู่
2990,ปลา,บู่
2991,ปลา,บู่
2992,ปลา,King goby
2993,ปลา,Filament-finned prawn-goby
2994,ปลา,Emery's goby 
2995,ปลา,Celebes goby
2996,ปลา,Pellucida pygmy goby 
2997,ปลา,บู่
2998,ปลา,Okinawa rubble goby
2999,ปลา,บู่
3000,ปลา,บู่
num,group,name
3001,ปลา,บู่ท้องลายเส้น
3002,ปลา,บู่
3003,ปลา,บู่
3004,ปลา,ปลาบู่หัวแหลม
3005,ปลา,Spotted fringefin goby 
3006,ปลา,Shouldermark Eviota
3007,ปลา,Large-eye pygmygoby
3008,ปลา,Indonesian eelgoby
3009,ปลา,บู่
3010,ปลา,บู่
3011,ปลา,บู่เสือเล็ก
3012,ปลา,บู่หมาจู
3013,ปลา,บู่
3014,ปลา,บู่
3015,ปลา,บู่
3016,ปลา,บู่
3017,ปลา,
3018,ปลา,
3019,ปลา,บู่กองหิน
3020,ปลา,Barrel-sponge goby
3021,ปลา,บู่จุดเขียวใหญ่
3022,ปลา,ปลาบู่
3023,ปลา,Barcheek Amoya
3024,ปลา,Shadow goby
num,group,name
3025,ปลา,ปลาบู่ทรายคอดำ
3026,ปลา,ปลาบู่ทองครีบดำ
3027,ปลา,ปลาบู่ชวา
3028,ปลา,Lidwill's dwarf goby
3029,ปลา,Spectacled sandgoby
3030,ปลา,Brown drombus
3031,ปลา,Vanishing silhouette goby
3032,ปลา,บู่ทองหนวดสั้น
3033,ปลา,-
3034,ปลา,Blackbelly goby 
3035,ปลา,White-line dwarfgoby 
3036,ปลา,Rasp coralgoby
3037,ปลา,Mud-hopper
3038,ปลา,Staghorn thicket goby
3039,ปลา,ปลาบู่
3040,ปลา,ปลาบู่
3041,ปลา,ปลาบู่
3042,ปลา,ปลาบู่
3043,ปลา,ปลาบู่
3044,ปลา,ปลาบู่
3045,ปลา,ปลาบู่
3046,ปลา,ปลาบู่
3047,ปลา,Narrowbar reefgobby
3048,ปลา,ปลาบู่
3049,ปลา,บู่
3050,ปลา,Toothy goby 
3051,ปลา,บู่
3052,ปลา,ปลาบู่ปะการัง
3053,ปลา,
3054,ปลา,
3055,ปลา,
3056,ปลา,บู่
3057,ปลา,บู่
3058,ปลา,บู่
3059,ปลา,Kabili bumblebee goby 
3060,ปลา,Golden tank goby
3061,ปลา,บู่
3062,ปลา,Schooling bumblebee goby
3063,ปลา,-
3064,ปลา,"ปลากะจัง,ตีน,จุมพรวด"
3065,ปลา,ปลาบู่ทองแก้มลาย
3066,ปลา,-
3067,ปลา,บู่
3068,ปลา,Woods' barbelgoby
3069,ปลา,-
3070,ปลา,Green bubble goby
3071,ปลา,บูแคระ
3072,ปลา,Chequered mangrove goby 
3073,ปลา,
3074,ปลา,บู่ปากกว้าง
3075,ปลา,
3076,ปลา,ปลาบู่
3077,ปลา,ปลาบู่แก้มดำ
3078,ปลา,บู่
3079,ปลา,Stripe-face Calamiana 
3080,ปลา,-
3081,ปลา,Dwarf pygmy goby 
3082,ปลา,-
3083,ปลา,-
3084,ปลา,-
3085,ปลา,ปลาบู่กล้วย
3086,ปลา,
3087,ปลา,บู่
3088,ปลา,Taileyed goby
3089,ปลา,Gladiator goby
3090,ปลา,Poreless barbelgoby
3091,ปลา,Largesnout goby 
3092,ปลา,Yellowstripe goby 
3093,ปลา,ปลาบู่
3094,ปลา,ปลาบู่
3095,ปลา,-
3096,ปลา,-
3097,ปลา,Walking goby 
3098,ปลา,ปลาบู่
3099,ปลา,บู่
3100,ปลา,ปลาบู่
3101,ปลา,ปลาบู่
3102,ปลา,Mollon
3103,ปลา,บู่น้ำตกเชียงใหม่
3104,ปลา,Eel worm goby 
3105,ปลา,Slender eel goby 
3106,ปลา,ปลาบู่
3107,ปลา,Burrowing goby
3108,ปลา,Typical eel goby
3109,ปลา,บู่ฟันตัด
3110,ปลา,บู่จุดเขียว
3111,ปลา,บู่ปะการัง
3112,ปลา,บู่
3113,ปลา,บู่จุดฟ้า
3114,ปลา,บู่ดำครีบยาว
3115,ปลา,บู่
3116,ปลา,
3117,ปลา,บู่ปีกพู่
3118,ปลา,บู่
3119,ปลา,บู่แคระ
3120,ปลา,Great blue spotted mudskipper
3121,ปลา,Bumblebee fish
3122,ปลา,ปลาบู่ทราย
3123,ปลา,
3124,ปลา,Half-barred goby 
3125,ปลา,Giant mudskipper
3126,ปลา,ปลาท่องเที่ยวเกล็ดใหญ่
3127,ปลา,บู่
3128,ปลา,Redhead goby
3129,ปลา,
3130,ปลา,
3131,ปลา,
3132,ปลา,-
3133,ปลา,Naked-headed goby 
3134,ปลา,
3135,ปลา,Distigma Eviota
3136,ปลา,Tank goby
3137,ปลา,Broad-barred goby
3138,ปลา,ปลาบู่ปะการัง
3139,ปลา,Rippled coralgoby
3140,ปลา,ปลาบู่ปากกว้าง
3141,ปลา,Fiveband barbelgoby
3142,ปลา,Occasional-shrimp goby
3143,ปลา,Banded mulletgoby
3144,ปลา,Ornate goby
3145,ปลา,Scaleless worm goby
3146,ปลา,บู่
3147,ปลา,บู่
3148,ปลา,บู่
3149,ปลา,บู่
3150,ปลา,บู่
3151,ปลา,บู่
3152,ปลา,บู่
3153,ปลา,Queen of Siam goby 
3154,ปลา,บู่มหิดล
3155,ปลา,Rubicundus eelgoby
3156,ปลา,-
3157,ปลา,Puntang goby 
3158,ปลา,ปลาตีนครีบประขาว
3159,ปลา,บู่
3160,ปลา,Minute mudskipper
3161,ปลา,Shuttles hoppfish
3162,ปลา,กะจังตีน
3163,ปลา,-
3164,ปลา,Bilobed ghost goby 
3165,ปลา,ปลาบู่
3166,ปลา,Queensland dwarfgoby
3167,ปลา,บู่
3168,ปลา,บู่
3169,ปลา,บู่
3170,ปลา,บู่
3171,ปลา,บู่
3172,ปลา,บู่
3173,ปลา,บู่
3174,ปลา,บู่
3175,ปลา,Blue coral ghost goby 
3176,ปลา,บู่
3177,ปลา,บู่
3178,ปลา,บู่
3179,ปลา,Babyface goby
3180,ปลา,ปลาบู่เขือ
3181,ปลา,Wide-barred shrimpgody
3182,ปลา,-
3183,ปลา,ชื่อไทย: บู่ทราย
3184,ปลา,Eyebar goby
3185,ปลา,Eye-bar goby
3186,ปลา,-
3187,ปลา,-
3188,ปลา,ปลาบู่
3189,ปลา,Fan shrimp-goby 
3190,ปลา,บู่
3191,ปลา,บู่
3192,ปลา,Lancher's dwarfgoby
3193,ปลา,Meteor goby
3194,ปลา,Periophthalma prawn-goby
3195,ปลา,บู่
3196,ปลา,บู่
3197,ปลา,บู่
3198,ปลา,บู่
3199,ปลา,Shoulderspot sandgoby
3200,ปลา,ปลาบู่
num,group,name
3201,ปลา,ปลาบู่
3202,ปลา,บู่
3203,ปลา,Adonis shrimpgoby 
3204,ปลา,-
3205,ปลา,จุมพรวดจุดฟ้า
3206,ปลา,บู่
3207,ปลา,Masked shrimpgoby
3208,ปลา,ปลาเขือคางยื่นครีบดำ
3209,ปลา,Bumblebee goby
3210,ปลา,Burmese gobyeel 
3211,ปลา,บู่น้ำตกแม่โขง
3212,ปลา,บู่หางดอก
3213,ปลา,บู่ใส  
3214,ปลา,Scapular goby
3215,ปลา,Elongate coralgoby
3216,ปลา,Naude's rubble goby 
3217,ปลา,Winterbottom's goby 
3218,ปลา,Harlot pygmy goby
3219,ปลา,Sanguinello pygmy goby
3220,ปลา,
3221,ปลา,บู่แดงแถบฟ้า
3222,ปลา,Yellow-spotted shrimpgoby
3223,ปลา,Filamentous shrimpgoby 
3224,ปลา,-
3225,ปลา,บู่จุดน้ำตาล
3226,ปลา,ปลาปักเป้า
3227,ปลา,Blue gudgeon 
3228,ปลา,-
3229,ปลา,Blackfin dartfish 
3230,ปลา,Blacktail goby 
3231,ปลา,Lyre-tail dart-goby
3232,ปลา,Chinese zebra goby 
3233,ปลา,Curious wormfish 
3234,ปลา,Yellowstripe wormfish 
3235,ปลา,ปลาบู่นีออน
3236,ปลา,Elegant firefish 
3237,ปลา,Beautiful hover goby
3238,ปลา,ปลาบู่แคระ
3239,ปลา,บู่นีออน
3240,ปลา,Indian hump head
3241,ปลา,Knightfish
3242,ปลา,หูช้าง
3243,ปลา,ชื่อไทย: หูช้างหัวโหนก
3244,ปลา,ชื่อไทย: หูช้างกลม
3245,ปลา,ชื่อไทย: หูช้างครีบยาว
3246,ปลา,หูช้าง  ข้าวเม่า  คลุด
3247,ปลา,ชื่อไทย: ปลาค้างคาว
3248,ปลา,Spotbanded scat
3249,ปลา,ปลาตะกรับ
3250,ปลา,ปลาสลิดหินเหลืองตาดำ
3251,ปลา,Shoemaker spinefoot
3252,ปลา,ปลาสลิดทะเลลายขาว
3253,ปลา,สลิดทะเลจุดขาว
3254,ปลา,ปลาสลิดทะเลเหลืองทอง
3255,ปลา,Mottled spinefoot 
3256,ปลา,ปลาสลิดทะเลแถบ
3257,ปลา,ปลาสลิดทะเลจุดเหลือง
3258,ปลา,Peppered spinefoot
3259,ปลา,ปลาสลิดหินลายจุด
3260,ปลา,ปลาสิดหินดอกดำ
3261,ปลา,"ปลาสลิดทะเลลายน้ำตาลขวาง,เลียหิน"
3262,ปลา,Foxface 
3263,ปลา,ปลาสลิดหินโฉมงาม
3264,ปลา,Marbled spinefoot
3265,ปลา,Streamlined spinefoot 
3266,ปลา,Barred spinefoot 
3267,ปลา,ปลาสลิดทะเลจุดน้ำตาล
3268,ปลา,Little spinefoot
3269,ปลา,ผีเสื้อเทวรูป
3270,ปลา,ปลาขี้ตังเบ็ดหัวเรียบ
3271,ปลา,ปลายูนิคอร์นลายฟ้า
3272,ปลา,Elongate unicornfish
3273,ปลา,ปลายูนิคอร์นหนามเดียว
3274,ปลา,ปลายูนิคอร์นจมูกโต
3275,ปลา,ขี้ตังเบ็ด
3276,ปลา,Ringtail surgeonfish 
3277,ปลา,ขี้ตังเบ็ด
3278,ปลา,Whitespotted surgeonfish
3279,ปลา,Palelipped surgeonfish
3280,ปลา,White-freckled surgeonfish 
3281,ปลา,ขี้ตังเบ็ด
3282,ปลา,Epaulette surgeonfish
3283,ปลา,ขี้ตังเบ็ด
3284,ปลา,Thompson's surgeonfish
3285,ปลา,Doubleband surgeonfish 
3286,ปลา,"เบบี้เรดซี, แปซิฟิกแทงก์, เรดซีเซลฟินแทงก์"
3287,ปลา,ปลายูนิคอร์นหลังค่อม
3288,ปลา,ปลายูนิคอร์นลายจุด 
3289,ปลา,Blue unicorn
3290,ปลา,ปลาขี้ตังเบ็ดโฉมงาม
3291,ปลา,Squarenose unicornfish 
3292,ปลา,ขี้ตังเบ็ด
3293,ปลา,Black-barred surgeonfish
3294,ปลา,"ปลาขี้ตังเบ็ด, ปลาเซลฟินดำ"
3295,ปลา,Yellow tang
3296,ปลา,ปลายูนิคอร์นสีเรียบ
3297,ปลา,Humpnose unicornfish
3298,ปลา,ขี้ตังเบ็ดปาน
3299,ปลา,ขี้ตังเบ็ด  สีฟ้า
3300,ปลา,เซอร์เจี้ยนลาย ขี้ตังเบ็ดลายตรง
3301,ปลา,ขี้ตังเบ็ด
3302,ปลา,ขี้ตังเป็ดหางขาว
3303,ปลา,ขี้ตังเบ็ดปากขาว
3304,ปลา,ขี้ตังเบ็ด
3305,ปลา,ขี้ตังเบ็ด
3306,ปลา,ปลาขี้ตังเบ็ดน้ำเงิน
3307,ปลา,ขี้ตังเบ็ด
3308,ปลา,ขี้ตังเบ็ด
3309,ปลา,ขี้ตังเบ็ด
3310,ปลา,ขี้ตังเบ็ด
3311,ปลา,ขี้ตังเบ็ด
3312,ปลา,ขี้ตังเบ็ด
3313,ปลา,Indian Ocean mimic surgeonfish 
3314,ปลา,ปลาสากดอก
3315,ปลา,Blackfin barracuda 
3316,ปลา,Red barracuda 
3317,ปลา,ปลาสากเหลืองยาว
3318,ปลา,ปลาสากดำ
3319,ปลา,"ปลาสากเหลือง,สากเหล็ก"
3320,ปลา,Obtuse barracuda
3321,ปลา,Bigeye barracuda 
3322,ปลา,ปลาสาก
3323,ปลา,Black gemfish
3324,ปลา,Royal escolar
3325,ปลา,ปลาอินทรีย์เขี้ยว
3326,ปลา,ปลอินทรีงู
3327,ปลา,Bengal escolar 
3328,ปลา,Black snoek 
3329,ปลา,Roudi escolar 
3330,ปลา,Ganges hairtail 
3331,ปลา,Short-tailed hairtail
3332,ปลา,ดาบเงิน
3333,ปลา,ปลาดาบเงินใหญ่
3334,ปลา,ดาบเงิน
3335,ปลา,Crested hairtail 
3336,ปลา,ดาบเงิน
3337,ปลา,Chinese seerfish
3338,ปลา,Korean seerfish
3339,ปลา,ปลาทูน่าครีบยาว
3340,ปลา,Striped bonito 
3341,ปลา,ปลาทูน่าเขี้ยวหมา
3342,ปลา,Shark mackerel
3343,ปลา,Double-lined mackerel
3344,ปลา,โอ
3345,ปลา,"ปลาอินทรีย์จุด,ปลาอินทรีย์ข้าวตอก"
3346,ปลา,ปลาทูออสเตรเลีย
3347,ปลา,"ปลาอินทรีย์, ปลาแท่งดินสอ"
3348,ปลา,ปลาอินทรีย์บั้ง
3349,ปลา,"ปลาทู, โม่ง"
3350,ปลา,ปลาทูปากจิ้งจก
3351,ปลา,"ปลาลัง, ปลาโม่ง"
3352,ปลา,ปลาโอดำ
3353,ปลา,ปลาทูน่าครีบเหลือง
3354,ปลา,ปลาทูน่าตาโต
3355,ปลา,Wahoo 
3356,ปลา,โอ
3357,ปลา,"ปลาโอแถบ,ทูน่าท้องแถบ"
3358,ปลา,โอหม้อ  โอแกลบ
3359,ปลา,"ทู , อินทรี "
3360,ปลา,ปลากระโทงแทงดาบ
3361,ปลา,ปลากระโทงแทง
3362,ปลา,Black marlin
3363,ปลา,Indo-Pacific sailfish
3364,ปลา,Obscure ruff 
3365,ปลา,Pacific rudderfish
3366,ปลา,Bigeye cigarfish
3367,ปลา,แมงกะพรุน
3368,ปลา,ซาลาเปา
3369,ปลา,-
3370,ปลา,จาระเม็ดขาว
3371,ปลา,จาระเม็ดขาวจีน
3372,ปลา,หมอไทย ชื่อท้องถิ่น: ภาคเหนือ อีสาน สะเด็ด เข็ง 
3373,ปลา,ปลาหมอตาล  
3374,ปลา,ปลากระดี่นาง
3375,ปลา,กัดภูเขา  
3376,ปลา,กัดหัวโม่งตะวันออก
3377,ปลา,แรดแคระ
3378,ปลา,กัดมหาชัย
3379,ปลา,กัดบางคล้า
3380,ปลา,แรด 
3381,ปลา,กัด
3382,ปลา,กีดสีจาง
3383,ปลา,กัดภูเขา  
3384,ปลา,กัดสงขลา
3385,ปลา,
3386,ปลา,กัดไทย    
3387,ปลา,กัดภาคใต้
3388,ปลา,หมอจำปา
3389,ปลา,กัดน้ำแดง
3390,ปลา,กริมแรด  
3391,ปลา,Snakeskin gourami
3392,ปลา,ปลากระดี่มุก
3393,ปลา,ช่อนเข็ม
3394,ปลา,กัดกระบี่
3395,ปลา,กัดเขียว
3396,ปลา,"ค้างคาว,  แรดแม่น้ำโขง  "
3397,ปลา,กระดี่หม้อ  
3398,ปลา,ปลากริม
3399,ปลา,กริมอีสาน
3400,ปลา,ปลากริมควาย
3401,ปลา,ช่อนงูเห่าแม่น้ำโขง  ข้าหลวง
3402,ปลา,ช่อน
3403,ปลา,ช่อน
3404,ปลา,ช่อน 
3405,ปลา,พังกับ
3406,ปลา,ช่อน
3407,ปลา,กระสง
3408,ปลา,ช่อนงูเห่า
3409,ปลา,ชะโด  
3410,ปลา,จ้อย
3411,ปลา,ปลาซีกเดียวครีบจุด
3412,ปลา,ลิ้นควาย
3413,ปลา,Peacock flounder
3414,ปลา,Ocellated flounder
3415,ปลา,Deep flounder
3416,ปลา,Javan flounder 
3417,ปลา,Malayan flounder 
3418,ปลา,Five-eyed flounder
3419,ปลา,Three spotted flounders 
3420,ปลา,Roughscale flounder
3421,ปลา,ลิ้นควาย
3422,ปลา,ลิ้นควาย
3423,ปลา,Dwarf lefteye flounder 
3424,ปลา,ลิ้นควาย
3425,ปลา,
3426,ปลา,ลิ้นควาย
3427,ปลา,ลิ้นควาย
3428,ปลา,Drab flounder 
3429,ปลา,ใบขนุนเกล็ดใหญ่
3430,ปลา,ปลาลิ้นหมาหงอนสั้น
3431,ปลา,ลิ้นควาย
3432,ปลา,Large-crested lefteye flounder
3433,ปลา,ลิ้นควายกระดาน  ใบขนุนกระดาน
3434,ปลา,ลิ้นควาย
3435,ปลา,Coloured righteye flounder 
3436,ปลา,Indian halibut
3437,ปลา,Huysman's righteye flounder
3438,ปลา,ชื่อไทย: ลิ้นหมาหงอนยาว
3439,ปลา,ลิ้นหมา
3440,ปลา,ปลาลิ้นหมา
3441,ปลา,"ปลาลิ้นหมาหูดำ,ซีกเดียว"
3442,ปลา,ปลาลิ้นหมา
3443,ปลา,ปลาลิ้นหมาลาย
3444,ปลา,Zebra sole
3445,ปลา,ซีกเดียว
3446,ปลา,ใบไม้
3447,ปลา,ลิ้นหมา
3448,ปลา,ลิ้นหมา
3449,ปลา,Pan sole 
3450,ปลา,"ปลาลิ้นควายขนดำ,ลิ้นหมา"
3451,ปลา,
3452,ปลา,Frill-mouth sole
3453,ปลา,ลิ้นหมา
3454,ปลา,ลิ้นควายจุด
3455,ปลา,ปลาซีกเดียว
3456,ปลา,Hook-nosed sole
3457,ปลา,Black-tip sole
3458,ปลา,ใบไม้
3459,ปลา,Andaman sole
3460,ปลา,
3461,ปลา,ลิ้นหมา
3462,ปลา,
3463,ปลา,-
3464,ปลา,Sevenband tonguesole 
3465,ปลา,Pygmy tongue-sole
3466,ปลา,ยอดม่วงลายด่าง
3467,ปลา,ยอดม่วง
3468,ปลา,ยอดม่วง
3469,ปลา,Doublelined tonguesole 
3470,ปลา,ชื่อไทย: ยอดม่วงปากขน
3471,ปลา,ยอดม่วง    
3472,ปลา,ยอดม่วงน้ำตาล
3473,ปลา,ยอดม่วงลายสี่เส้น
3474,ปลา,ยอดม่วง
3475,ปลา,ยอดม่วงเกล็ดใหญ่
3476,ปลา,ยอดม่วงครีบดำ
3477,ปลา,ยอดม่วง
3478,ปลา,ช่างชุน
3479,ปลา,ยอดม่วง
3480,ปลา,ยอดม่วง
3481,ปลา,ยอดม่วง
3482,ปลา,ยอดม่วง
3483,ปลา,ยอดม่วง
3484,ปลา,ยอดม่วง
3485,ปลา,ซีกเดียวลาย
3486,ปลา,Fleshy-lipped spikefish
3487,ปลา,ปลาสามเงี่ยงน้ำลึก
3488,ปลา,Blacktip tripodfish
3489,ปลา,ปลาวัวจมูกสั้น
3490,ปลา,ปลาวัวสีเงิน
3491,ปลา,Long-tail tripodfish 
3492,ปลา,Short-tail tripodfish 
3493,ปลา,Long-spined tripodfish
3494,ปลา,วัว
3495,ปลา,วัว
3496,ปลา,Indian triggerfish 
3497,ปลา,"วัวไก่ตอน, กวาง, วัว"
3498,ปลา,ปลาวัวหางลิ่ม
3499,ปลา,ปลาวัวปิกัสโซ
3500,ปลา,ปลาวัวแก้มน้ำเงิน
num,group,name
3501,ปลา,ปลาวัวลายเส้น
3502,ปลา,Pinktail triggerfish 
3503,ปลา,Halfmoon triggerfish 
3504,ปลา,"ปลาดำ, ปลาแบลคไนเกอร์"
3505,ปลา,ปลาวัวปิกัสโซ
3506,ปลา,วัวจุดขาว
3507,ปลา,วัว
3508,ปลา,วัว
3509,ปลา,Titan triggerfish
3510,ปลา,Yellow-spotted triggerfish 
3511,ปลา,วัวดำ
3512,ปลา,Yellowmargin triggerfish
3513,ปลา,ปลาวัวลายน้ำตาล
3514,ปลา,ปลาวัวหางส้ม
3515,ปลา,Masked triggerfish
3516,ปลา,Boomerang triggerfish 
3517,ปลา,Scribbled leatherjacket filefish
3518,ปลา,งัวหางตัด
3519,ปลา,Pot-bellied leatherjacket
3520,ปลา,ปลาวัวหางพัด
3521,ปลา,
3522,ปลา,Estuary filefish
3523,ปลา,Mudbank filefish
3524,ปลา,Hairfinned leatherjacket 
3525,ปลา,ชื่อไทย: จวดเตียนลาย
3526,ปลา,วัวดาบ
3527,ปลา,งัวหางตัด
3528,ปลา,วัว  กวาง  วัวหางตัด
3529,ปลา,Strap-weed file-fish
3530,ปลา,ปลาวัว
3531,ปลา,ปลาวัวลาย
3532,ปลา,
3533,ปลา,Faintstripe filefish
3534,ปลา,งัวหางตัด
3535,ปลา,วัวหนามดอก
3536,ปลา,งัว
3537,ปลา,งัวหางตัด  นกแก้วชะวา
3538,ปลา,Pygmy filefish
3539,ปลา,สี่เหลี่ยมเขาวัว
3540,ปลา,ร่องไม้ตับ  
3541,ปลา,Smallspine turretfish 
3542,ปลา,ปลาปักเป้ากล่องเหลืองลายจุดดำ
3543,ปลา," ปลาพรม, ปลาพรมหัวเหม็น "
3544,ปลา,ปลากระดูก
3545,ปลา,ปลาวัวสามเหลี่ยม
3546,ปลา,สี่เหลี่ยมเขาวัว
3547,ปลา,ปลากล่อง
3548,ปลา,Threetooth puffer 
3549,ปลา,ปักเป้า
3550,ปลา,Narrow-lined puffer 
3551,ปลา,Guineafowl puffer 
3552,ปลา,ปักเป้า
3553,ปลา,ปักเป้า
3554,ปลา,Orange-spotted toadfish
3555,ปลา,ปักเป้า
3556,ปลา,ปักเป้าท้องลาย
3557,ปลา,ปลาปักเป้าปากแม่น้ำ
3558,ปลา,ปักเป้าจุดขาว
3559,ปลา,ปลาปักเป้าลาย
3560,ปลา,
3561,ปลา,ปักเป้าหน้ายาว  
3562,ปลา,ปักเป้า
3563,ปลา,ปักเป้า
3564,ปลา,ปลาปักเป้าลายพลาดกลอน
3565,ปลา,ปักเป้าขน  
3566,ปลา,ปักเป้าควาย  
3567,ปลา,ปักเป้าเขียว
3568,ปลา,Evileye blaasop
3569,ปลา,White-spotted puffer
3570,ปลา,ปักเป้าหางไหม้
3571,ปลา,Map puffer 
3572,ปลา,Blackspotted puffer
3573,ปลา,ปักป้าก้นดำ
3574,ปลา,Banded leopardblowfish
3575,ปลา,ปักเป้าตาแดง 
3576,ปลา,ปักเป้า 
3577,ปลา,ปักเป้า
3578,ปลา,ปักเป้า
3579,ปลา,-
3580,ปลา,ปักเป้า
3581,ปลา,ปักเป้าซีลอน   
3582,ปลา,ปักเป้า
3583,ปลา,
3584,ปลา,ปักเป้า
3585,ปลา,ปักเป้า
3586,ปลา,Orange-spotted toadfish
3587,ปลา,ปักเป้า
3588,ปลา,ปักเป้าหางวงเดือน     
3589,ปลา,ชื่อไทย: ปักเป้าจุดดำ
3590,ปลา,-
3591,ปลา,-
3592,ปลา,ปักเป้า
3593,ปลา,ปักเป้าท้องตาข่าย  
3594,ปลา,ปักเป้าน้ำจืดหลังเขียว
3595,ปลา,-
3596,ปลา,ปักเป้าหนามหลังแถบ
3597,ปลา,ปักเป้าหนามทุเรียน
3598,ปลา,ปักเป้าหนามทุเรียน
3599,ปลา,ปักเป้าหนามทุเรียน
3600,ปลา,ปักเป้าหนามทุเรียน
3601,ปลา,ปักเป้าหนามทุเรียนยาว
3602,ปลา,ปักเป้าหนามยาว
3603,ปลา,ปักเป้าหนามทุเรียนสั้น
3604,ปลา,Ocean sunfish
3605,ปลา,Sharptail mola 
3606,,
3607,,
3608,,
3609,,
3610,,
3611,,
3612,,
3613,,
3614,,
3615,,
3616,,
3617,,
3618,,
3619,,
3620,,
3621,,
3622,,
3623,,
3624,,
3625,,
3626,,
3627,,
3628,,
3629,,
3630,,
3631,,
3632,,
3633,,
3634,,
3635,,
3636,,
3637,,
3638,,
3639,,
3640,,
3641,,
3642,,
3643,,
3644,,
3645,,
3646,,
3647,,
3648,,
3649,,
3650,,
3651,,
3652,,
3653,,
3654,,
3655,,
3656,,
3657,,
3658,,
3659,,
3660,,
3661,,
3662,,
3663,,
3664,,
3665,,
3666,,
3667,,
3668,,
3669,,
3670,,
3671,,
3672,,
3673,,
3674,,
3675,,
3676,,
3677,,
3678,,
3679,,
3680,,
3681,,
3682,,
3683,,
3684,,
3685,,
3686,,
3687,,
3688,,
3689,,
3690,,
3691,,
3692,,
3693,,
3694,,
3695,,
3696,,
3697,,
3698,,
3699,,
3700,,
3701,,
3702,,
3703,,
3704,,
3705,,
3706,,
3707,,
3708,,
3709,,
3710,,
3711,,
3712,,
3713,,
3714,,
3715,,
3716,,
3717,,
3718,,
3719,,
3720,,
3721,,
3722,,
3723,,
3724,,
3725,,
3726,,
3727,,
3728,,
3729,,
3730,,
3731,,
3732,,
3733,,
3734,,
3735,,
3736,,
3737,,
3738,,
3739,,
3740,,
3741,,
3742,,
3743,,
3744,,
3745,,
3746,,
3747,,
3748,,
3749,,
3750,,
3751,,
3752,,
3753,,
3754,,
3755,,
3756,,
3757,,
3758,,
3759,,
3760,,
3761,,
3762,,
3763,,
3764,,
3765,,
3766,,
3767,,
3768,,
3769,,
3770,,
3771,,
3772,,
3773,,
3774,,
3775,,
3776,,
3777,,
3778,,
3779,,
3780,,
3781,,
3782,,
3783,,
3784,,
3785,,
3786,,
3787,,
3788,,
3789,,
3790,,
3791,,
3792,,
3793,,
3794,,
3795,,
3796,,
3797,,
3798,,
3799,,
3800,,
3801,,
3802,,
3803,,
3804,,
3805,,
3806,,
3807,,
3808,,
3809,,
3810,,
3811,,
3812,,
3813,,
3814,,
3815,,
3816,,
3817,,
3818,,
3819,,
3820,,
3821,,
3822,,
3823,,
3824,,
3825,,
3826,,
3827,,
3828,,
3829,,
3830,,
3831,,
3832,,
3833,,
3834,,
3835,,
3836,,
3837,,
3838,,
3839,,
3840,,
3841,,
3842,,
3843,,
3844,,
3845,,
3846,,
3847,,
3848,,
3849,,
3850,,
3851,,
3852,,
3853,,
3854,,
3855,,
3856,,
3857,,
3858,,
3859,,
3860,,
3861,,
3862,,
3863,,
3864,,
3865,,
3866,,
3867,,
3868,,
3869,,
3870,,
3871,,
3872,,
3873,,
3874,,
3875,,
3876,,
3877,,
3878,,
3879,,
3880,,
3881,,
3882,,
3883,,
3884,,
3885,,
3886,,
3887,,
3888,,
3889,,
3890,,
3891,,
3892,,
3893,,
3894,,
3895,,
3896,,
3897,,
3898,,
3899,,
3900,,
3901,,
3902,,
3903,,
3904,,
3905,,
3906,,
3907,,
3908,,
3909,,
3910,,
3911,,
3912,,
3913,,
3914,,
3915,,
3916,,
3917,,
3918,,
3919,,
3920,,
3921,,
3922,,
3923,,
3924,,
3925,,
3926,,
3927,,
3928,,
3929,,
3930,,
3931,,
3932,,
3933,,
3934,,
3935,,
3936,,
3937,,
3938,,
3939,,
3940,,
3941,,
3942,,
3943,,
3944,,
3945,,
3946,,
3947,,
3948,,
3949,,
3950,,
3951,,
3952,,
3953,,
3954,,
3955,,
3956,,
3957,,
3958,,
3959,,
3960,,
3961,,
3962,,
3963,,
3964,,
3965,,
3966,,
3967,,
3968,,
3969,,
3970,,
3971,,
3972,,
3973,,
3974,,
3975,,
3976,,
3977,,
3978,,
3979,,
3980,,
3981,,
3982,,
3983,,
3984,,
3985,,
3986,,
3987,,
3988,,
3989,,
3990,,
3991,,
3992,,
3993,,
3994,,
3995,,
3996,,
3997,,
3998,,
3999,,
4000,,
num,group,name
4001,,
4002,,
4003,,
4004,,
4005,,
4006,,
4007,,
4008,,
4009,,
4010,,
4011,,
4012,,
4013,,
4014,,
4015,,
4016,,
4017,,
4018,,
4019,,
4020,,
4021,,
4022,,
4023,,
4024,,
4025,,
4026,,
4027,,
4028,,
4029,,
4030,,
4031,,
4032,,
4033,,
4034,,
4035,,
4036,,
4037,,
4038,,
4039,,
4040,,
4041,,
4042,,
4043,,
4044,,
4045,,
4046,,
4047,,
4048,,
4049,,
4050,,
4051,,
4052,,
4053,,
4054,,
4055,,
4056,,
4057,,
4058,,
4059,,
4060,,
4061,,
4062,,
4063,,
4064,,
4065,,
4066,,
4067,,
4068,,
4069,,
4070,,
4071,,
4072,,
4073,,
4074,,
4075,,
4076,,
4077,,
4078,,
4079,,
4080,,
4081,,
4082,,
4083,,
4084,,
4085,,
4086,,
4087,,
4088,,
4089,,
4090,,
4091,,
4092,,
4093,,
4094,,
4095,,
4096,,
4097,,
4098,,
4099,,
4100,,
4101,,
4102,,
4103,,
4104,,
4105,,
4106,,
4107,,
4108,,
4109,,
4110,,
4111,,
4112,,
4113,,
4114,,
4115,,
4116,,
4117,,
4118,,
4119,,
4120,,
4121,,
4122,,
4123,,
4124,,
4125,,
4126,,
4127,,
4128,,
4129,,
4130,,
4131,,
4132,,
4133,,
4134,,
4135,,
4136,,
4137,,
4138,,
4139,,
4140,,
4141,,
4142,,
4143,,
4144,,
4145,,
4146,,
4147,,
4148,,
4149,,
4150,,
4151,,
4152,,
4153,,
4154,,
4155,,
4156,,
4157,,
4158,,
4159,,
4160,,
4161,,
4162,,
4163,,
4164,,
4165,,
4166,,
4167,,
4168,,
4169,,
4170,,
4171,,
4172,,
4173,,
4174,,
4175,,
4176,,
4177,,
4178,,
4179,,
4180,,
4181,,
4182,,
4183,,
4184,,
4185,,
4186,,
4187,,
4188,,
4189,,
4190,,
4191,,
4192,,
4193,,
4194,,
4195,,
4196,,
4197,,
4198,,
4199,,
4200,,
4201,,
4202,,
4203,,
4204,,
4205,,
4206,,
4207,,
4208,,
4209,,
4210,,
4211,,
4212,,
4213,,
4214,,
4215,,
4216,,
4217,,
4218,,
4219,,
4220,,
4221,,
4222,,
4223,,
4224,,
4225,,
4226,,
4227,,
4228,,
4229,,
4230,,
4231,,
4232,,
4233,,
4234,,
4235,,
4236,,
4237,,
4238,,
4239,,
4240,,
4241,,
4242,,
4243,,
4244,,
4245,,
4246,,
4247,,
4248,,
4249,,
4250,,
4251,,
4252,,
4253,,
4254,,
4255,,
4256,,
4257,,
4258,,
4259,,
4260,,
4261,,
4262,,
4263,,
4264,,
4265,,
4266,,
4267,,
4268,,
4269,,
4270,,
4271,,
4272,,
4273,,
4274,,
4275,,
4276,,
4277,,
4278,,
4279,,
4280,,
4281,,
4282,,
4283,,
4284,,
4285,,
4286,,
4287,,
4288,,
4289,,
4290,,
4291,,
4292,,
4293,,
4294,,
4295,,
4296,,
4297,,
4298,,
4299,,
4300,,
4301,,
4302,,
4303,,
4304,,
4305,,
4306,,
4307,,
4308,,
4309,,
4310,,
4311,,
4312,,
4313,,
4314,,
4315,,
4316,,
4317,,
4318,,
4319,,
4320,,
4321,,
4322,,
4323,,
4324,,
4325,,
4326,,
4327,,
4328,,
4329,,
4330,,
4331,,
4332,,
4333,,
4334,,
4335,,
4336,,
4337,,
4338,,
4339,,
4340,,
4341,,
4342,,
4343,,
4344,,
4345,,
4346,,
4347,,
4348,,
4349,,
4350,,
4351,,
4352,,
4353,,
4354,,
4355,,
4356,,
4357,,
4358,,
4359,,
4360,,
4361,,
4362,,
4363,,
4364,,
4365,,
4366,,
4367,,
4368,,
4369,,
4370,,
4371,,
4372,,
4373,,
4374,,
4375,,
4376,,
4377,,
4378,,
4379,,
4380,,
4381,,
4382,,
4383,,
4384,,
4385,,
4386,,
4387,,
4388,,
4389,,
4390,,
4391,,
4392,,
4393,,
4394,,
4395,,
4396,,
4397,,
4398,,
4399,,
4400,,
4401,,
4402,,
4403,,
4404,,
4405,,
4406,,
4407,,
4408,,
4409,,
4410,,
4411,,
4412,,
4413,,
4414,,
4415,,
4416,,
4417,,
4418,,
4419,,
4420,,
4421,,
4422,,
4423,,
4424,,
4425,,
4426,,
4427,,
4428,,
4429,,
4430,,
4431,,
4432,,
4433,,
4434,,
4435,,
4436,,
4437,,
4438,,
4439,,
4440,,
4441,,
4442,,
4443,,
4444,,
4445,,
4446,,
4447,,
4448,,
4449,,
4450,,
4451,,
4452,,
4453,,
4454,,
4455,,
4456,,
4457,,
4458,,
4459,,
4460,,
4461,,
4462,,
4463,,
4464,,
4465,,
4466,,
4467,,
4468,,
4469,,
4470,,
4471,,
4472,,
4473,,
4474,,
4475,,
4476,,
4477,,
4478,,
4479,,
4480,,
4481,,
4482,,
4483,,
4484,,
4485,,
4486,,
4487,,
4488,,
4489,,
4490,,
4491,,
4492,,
4493,,
4494,,
4495,,
4496,,
4497,,
4498,,
4499,,
4500,,
num,group,name
4501,,
4502,,
4503,,
4504,,
4505,,
4506,,
4507,,
4508,,
4509,,
4510,,
4511,,
4512,,
4513,,
4514,,
4515,,
4516,,
4517,,
4518,,
4519,,
4520,,
4521,,
4522,,
4523,,
4524,,
4525,,
4526,,
4527,,
4528,,
4529,,
4530,,
4531,,
4532,,
4533,,
4534,,
4535,,
4536,,
4537,,
4538,,
4539,,
4540,,
4541,,
4542,,
4543,,
4544,,
4545,,
4546,,
4547,,
4548,,
4549,,
4550,,
4551,,
4552,,
4553,,
4554,,
4555,,
4556,,
4557,,
4558,,
4559,,
4560,,
4561,,
4562,,
4563,,
4564,,
4565,,
4566,,
4567,,
4568,,
4569,,
4570,,
4571,,
4572,,
4573,,
4574,,
4575,,
4576,,
4577,,
4578,,
4579,,
4580,,
4581,,
4582,,
4583,,
4584,,
4585,,
4586,,
4587,,
4588,,
4589,,
4590,,
4591,,
4592,,
4593,,
4594,,
4595,,
4596,,
4597,,
4598,,
4599,,
4600,,
num,group,name
4601,,
4602,,
4603,,
4604,,
4605,,
4606,,
4607,,
4608,,
4609,,
4610,,
4611,,
4612,,
4613,,
4614,,
4615,,
4616,,
4617,,
4618,,
4619,,
4620,,
4621,,
4622,,
4623,,
4624,,
4625,,
4626,,
4627,,
4628,,
4629,,
4630,,
4631,,
4632,,
4633,,
4634,,
4635,,
4636,,
4637,,
4638,,
4639,,
4640,,
4641,,
4642,,
4643,,
4644,,
4645,,
4646,,
4647,,
4648,,
4649,,
4650,,
4651,,
4652,,
4653,,
4654,,
4655,,
4656,,
4657,,
4658,,
4659,,
4660,,
4661,,
4662,,
4663,,
4664,,
4665,,
4666,,
4667,,
4668,,
4669,,
4670,,
4671,,
4672,,
4673,,
4674,,
4675,,
4676,,
4677,,
4678,,
4679,,
4680,,
4681,,
4682,,
4683,,
4684,,
4685,,
4686,,
4687,,
4688,,
4689,,
4690,,
4691,,
4692,,
4693,,
4694,,
4695,,
4696,,
4697,,
4698,,
4699,,
4700,,
4701,,
4702,,
4703,,
4704,,
4705,,
4706,,
4707,,
4708,,
4709,,
4710,,
4711,,
4712,,
4713,,
4714,,
4715,,
4716,,
4717,,
4718,,
4719,,
4720,,
4721,,
4722,,
4723,,
4724,,
4725,,
4726,,
4727,,
4728,,
4729,,
4730,,
4731,,
4732,,
4733,,
4734,,
4735,,
4736,,
4737,,
4738,,
4739,,
4740,,
4741,,
4742,,
4743,,
4744,,
4745,,
4746,,
4747,,
4748,,
4749,,
4750,,
4751,,
4752,,
4753,,
4754,,
4755,,
4756,,
4757,,
4758,,
4759,,
4760,,
4761,,
4762,,
4763,,
4764,,
4765,,
4766,,
4767,,
4768,,
4769,,
4770,,
4771,,
4772,,
4773,,
4774,,
4775,,
4776,,
4777,,
4778,,
4779,,
4780,,
4781,,
4782,,
4783,,
4784,,
4785,,
4786,,
4787,,
4788,,
4789,,
4790,,
4791,,
4792,,
4793,,
4794,,
4795,,
4796,,
4797,,
4798,,
4799,,
4800,,
4801,,
4802,,
4803,,
4804,,
4805,,
4806,,
4807,,
4808,,
4809,,
4810,,
4811,,
4812,,
4813,,
4814,,
4815,,
4816,,
4817,,
4818,,
4819,,
4820,,
4821,,
4822,,
4823,,
4824,,
4825,,
4826,,
4827,,
4828,,
4829,,
4830,,
4831,,
4832,,
4833,,
4834,,
4835,,
4836,,
4837,,
4838,,
4839,,
4840,,
4841,,
4842,,
4843,,
4844,,
4845,,
4846,,
4847,,
4848,,
4849,,
4850,,
4851,,
4852,,
4853,,
4854,,
4855,,
4856,,
4857,,
4858,,
4859,,
4860,,
4861,,
4862,,
4863,,
4864,,
4865,,
4866,,
4867,,
4868,,
4869,,
4870,,
4871,,
4872,,
4873,,
4874,,
4875,,
4876,,
4877,,
4878,,
4879,,
4880,,
4881,,
4882,,
4883,,
4884,,
4885,,
4886,,
4887,,
4888,,
4889,,
4890,,
4891,,
4892,,
4893,,
4894,,
4895,,
4896,,
4897,,
4898,,
4899,,
4900,,
4901,,
4902,,
4903,,
4904,,
4905,,
4906,,
4907,,
4908,,
4909,,
4910,,
4911,,
4912,,
4913,,
4914,,
4915,,
4916,,
4917,,
4918,,
4919,,
4920,,
4921,,
4922,,
4923,,
4924,,
4925,,
4926,,
4927,,
4928,,
4929,,
4930,,
4931,,
4932,,
4933,,
4934,,
4935,,
4936,,
4937,,
4938,,
4939,,
4940,,
4941,,
4942,,
4943,,
4944,,
4945,,
4946,,
4947,,
4948,,
4949,,
4950,,
4951,,
4952,,
4953,,
4954,,
4955,,
4956,,
4957,,
4958,,
4959,,
4960,,
4961,,
4962,,
4963,,
4964,,
4965,,
4966,,
4967,,
4968,,
4969,,
4970,,
4971,,
4972,,
4973,,
4974,,
4975,,
4976,,
4977,,
4978,,
4979,,
4980,,
4981,,
4982,,
4983,,
4984,,
4985,,
4986,,
4987,,
4988,,
4989,,
4990,,
4991,,
4992,,
4993,,
4994,,
4995,,
4996,,
4997,,
4998,,
4999,,
5000,,
5001,,
5002,,
5003,,
5004,,
5005,,
5006,,
5007,,
5008,,
5009,,
5010,,
5011,,
5012,,
5013,,
5014,,
5015,,
5016,,
5017,,
5018,,
5019,,
5020,,
5021,,
5022,,
5023,,
5024,,
5025,,
5026,,
5027,,
5028,,
5029,,
5030,,
5031,,
5032,,
5033,,
5034,,
5035,,
5036,,
5037,,
5038,,
5039,,
5040,,
5041,,
5042,,
5043,,
5044,,
5045,,
5046,,
5047,,
5048,,
5049,,
5050,,
5051,,
5052,,
5053,,
5054,,
5055,,
5056,,
5057,,
5058,,
5059,,
5060,,
5061,,
5062,,
5063,,
5064,,
5065,,
5066,,
5067,,
5068,,
5069,,
5070,,
5071,,
5072,,
5073,,
5074,,
5075,,
5076,,
5077,,
5078,,
5079,,
5080,,
5081,,
5082,,
5083,,
5084,,
5085,,
5086,,
5087,,
5088,,
5089,,
5090,,
5091,,
5092,,
5093,,
5094,,
5095,,
5096,,
5097,,
5098,,
5099,,
5100,,
5101,,
5102,,
5103,,
5104,,
5105,,
5106,,
5107,,
5108,,
5109,,
5110,,
5111,,
5112,,
5113,,
5114,,
5115,,
5116,,
5117,,
5118,,
5119,,
5120,,
5121,,
5122,,
5123,,
5124,,
5125,,
5126,,
5127,,
5128,,
5129,,
5130,,
5131,,
5132,,
5133,,
5134,,
5135,,
5136,,
5137,,
5138,,
5139,,
5140,,
5141,,
5142,,
5143,,
5144,,
5145,,
5146,,
5147,,
5148,,
5149,,
5150,,
5151,,
5152,,
5153,,
5154,,
5155,,
5156,,
5157,,
5158,,
5159,,
5160,,
5161,,
5162,,
5163,,
5164,,
5165,,
5166,,
5167,,
5168,,
5169,,
5170,,
5171,,
5172,,
5173,,
5174,,
5175,,
5176,,
5177,,
5178,,
5179,,
5180,,
5181,,
5182,,
5183,,
5184,,
5185,,
5186,,
5187,,
5188,,
5189,,
5190,,
5191,,
5192,,
5193,,
5194,,
5195,,
5196,,
5197,,
5198,,
5199,,
5200,,
5201,,
5202,,
5203,,
5204,,
5205,,
5206,,
5207,,
5208,,
5209,,
5210,,
5211,,
5212,,
5213,,
5214,,
5215,,
5216,,
5217,,
5218,,
5219,,
5220,,
5221,,
5222,,
5223,,
5224,,
5225,,
5226,,
5227,,
5228,,
5229,,
5230,,
5231,,
5232,,
5233,,
5234,,
5235,,
5236,,
5237,,
5238,,
5239,,
5240,,
5241,,
5242,,
5243,,
5244,,
5245,,
5246,,
5247,,
5248,,
5249,,
5250,,
5251,,
5252,,
5253,,
5254,,
5255,,
5256,,
5257,,
5258,,
5259,,
5260,,
5261,,
5262,,
5263,,
5264,,
5265,,
5266,,
5267,,
5268,,
5269,,
5270,,
5271,,
5272,,
5273,,
5274,,
5275,,
5276,,
5277,,
5278,,
5279,,
5280,,
5281,,
5282,,
5283,,
5284,,
5285,,
5286,,
5287,,
5288,,
5289,,
5290,,
5291,,
5292,,
5293,,
5294,,
5295,,
5296,,
5297,,
5298,,
5299,,
5300,,
5301,,
5302,,
5303,,
5304,,
5305,,
5306,,
5307,,
5308,,
5309,,
5310,,
5311,,
5312,,
5313,,
5314,,
5315,,
5316,,
5317,,
5318,,
5319,,
5320,,
5321,,
5322,,
5323,,
5324,,
5325,,
5326,,
num,group,name
5327,,
5328,,
5329,,
5330,,
5331,,
5332,,
5333,,
5334,,
5335,,
5336,,
5337,,
5338,,
5339,,
5340,,
5341,,
5342,,
5343,,
5344,,
5345,,
5346,,
5347,,
5348,,
5349,,
5350,,
5351,,
5352,,
5353,,
5354,,
5355,,
5356,,
5357,,
5358,,
5359,,
5360,,
5361,,
5362,,
5363,,
5364,,
5365,,
5366,,
