num,issue_id,title,abstract_clean,article_url,issue_date_published,issue_cover_image,authors_full_name,authors_affiliation
1,15136,บีโครโมโซมในปลา,"จากการรายงานจำนวนปลาในโลกนี้ นั้นพบว่าปลาเป็นกลุ่มสัตว์ 1 ที่มีความหลากชนิดมากที่สุดของกลุ่มสัตว์ 1 มีกระดูกสันหลัง และปลายังเป็นกลุ่มสิ่งมีชีวิตที่นำสนใจมากที่สุดในการศึกษาความหลากหลายทางพันธุกรรมและวิวัฒนาการในปัจจุบันกลุ่มนักวิทยาศาสตร์ 1 มีความสนใจเพิ่มขึ้นเกี่ยวกับบีโครโมโซม (B chromosome)เนื่องจาก เป็นชิ้นส่วนพันธุกรรมที่เกินมาและพบได้ในประชากรตามธรรมชาติโดยไม่ถูกกำจัดทิ้งระหวางกระบวนการคัดเลือก โดยธรรมชาติ แม้วาจะยังไม่มีความเข้าใจอย่างสมบูรณ์ 1 ถึงองค 1 ประกอบโครงสร้าง หน้าที่และจุดกำเนิดของ บีโครโมโซม แต่ก็มีรายงานเพิ่มขึ้นเกี่ยวกับบีโครโมโซมเพื่อที่จะอธิบายถึงโครงสร้าง หน้าที่จุดกำเนิด รวมถึง พฤติกรรมของโครโมโซม ซึ่งได้เรียบเรียงไว้ในบทความดังกล่าวต่อไปนี้   จำนวนของบีโครโมโซมในปลา บีโครโมโซมเป็นโครโมโซมที่เพิ่มขึ้นมาจากคาริโอไทป์ปกติ ซึ่งพบได้บางตัวของสิ่งมีชีวิตบางชนิด ส่วนใหญ่โครโมโซมเหล่านี้อาจมาจากโครโมโซมร่างกายหรือโครโมโซมปกติที่เกิดขึ้นจากกระบวนการวิวัฒนาการของสิ่งมีชีวิต (Camacho et al., 2000 ) บีโครโมโซม อาจมีชื่อเรียกอื่น ๆ เช่นโครโมโซมที่เกินมา (supernumerary chromosome), โครโมโซมประกอบ (accessory chromosome) หรือโครโมโซมพิเศษ (extra chromosome) ในชนิดพันธุ 1 ของกลุ่มสัตว์ 1 ปีกและสัตว์ 1 เลื้อยคลาน จะมีลักษณะคาริโอไทป์ที่แตกต่างไปจากสัตว์ 1 กลุ่มอื่น ๆ คือจีโนม จะมีขนาดที่แตกต่างกันมากแยกเป็น 2 กลุ่ม กลุ่มของโครโมโซมที่มีขนาดใหญ่(macro chromosome) และกลุ่ม ของโครโมโซมที่มีขนาดเล็ก (micro chromosome) กลุ่มโครโมโซมที่มีขนาดเล็กจะมีจำนวนมากกว่ากลุ่มที่มีขนาด ใหญ่เราจึงอาจจะจัดให้กลุ่มที่มีโครโมโซมีขนาดเล็กเป็นโครโมโซมที่เกินมา (supernumerary chromosome) ด้วย สำหรับในปลา บีโครโมโซมถูกพบครั้งแรกในปลาอันดับ (Order) ปลาตะเพียนกินเนื้อ (Characiformes) วงศ 1 Prochilodontidae คือปลาอินซีเน็ตยักษ 1 (Prochilodus lineatus) โดย Pauls and Bertollo (1983) หลังจากนั้นก็มีการค้นพบบีโครโมโซมในปลาเพิ่มขึ้น เช่น ปลาน้ำจืดของทวีปอเมริกาในจำนวน 946 ชนิด พบ บีโครโมโซม 65 ชนิด ทั่วโลกมีรายงานบีโครโมโซมในปลาทั้งสิ้น 69 ชนิด จำนวน 9 อันดับ โดย 8 อันดับเป็นปลา น้ำจืด และมีรายงานเพียงชนิดเดี่ยว คือ Sphoeroides spengleri เป็นปลาน้ำเค็มที่มีรายงานบีโครโมโซม (Alves et al., 2008) ในระหวางปลาที่พบบีโครโมโซม พบว่าอันดับปลาตะเพียนกินเนื้อมีจำนวนชนิดปลาที่พบบีโครโมโซมมาก ที่สุดถึง 31 ชนิด ในจำนวน 6 วงศ 1 คิดเป็นร้อยละ 45.59 ของปลาทั้งหมดที่มีบีโครโมโซม แต่ละวงศพ 1 บบีโครโมโซม ดังนี้ วงศ 1 Characidae, Crenuchidae, Curimatidae, Prochilodontidae, Anostomidae และParodontidaeพบ 14, 5, 4, 4, 3 และ1 ชนิด ตามลำดับ (Carvalho et al., 2008) บีโครโมโซมของปลาในอันดับนี้มีความแตกต่างผันแปรในเรื่องลักษณะรูปราง ขนาด และจำนวน บีโครโมโซมที่มีขนาดเล็ก พบในสกุล Schizodon spp., Astyanax spp., Moenkhausia spp., Cyphocharax spp., Steindachnerina spp. และProchilodus spp. บีโครโมโซมีขนาดใหญ่พบใน Astyanax scabripinnis และAstyanax scabripinnis paranae ซึ่งมีขนาดใหญ่กวาโครโมโซมคู่ที่ใหญ่ที่สุดของคาริโอไทป์ปกติ จำนวนบีโครโมโซมที่พบมากที่สุดในอันดับนี้พบถึง 9 แท่งใน ปลามองน 1 ฮอคเซีย (Moenkhausia sanctaefilomenae) (Sobrinho et al., 2006) ในอันดับปลาเนื้ออ่อนพบบีโครโมโซมทั้งหมด 22 ชนิด คิดเป็นร้อยละ 32.35 ของปลาทั้งหมดที่มี บีโครโมโซม แต่ละวงศ 1 มีจำนวนชนิดที่พบบีโครโมโซม ดังนี้ วงศ 1 Heptapteridae, Loricariidae, Pimelodidae, Callichthyidae, Auchenipteridae และTrichomycteridae พบ 7, 6, 5, 2, 1 และ1 ชนิด ตามลำดับ (Carvalho et al., 2008; Lui et al., 2009) ปลาในสกุล Rhamdia spp. ขนาดของบีโครโมโซมผันแปรตั้งแต่ โครโมโซมีขนาดเล็ก จนถึงโครโมโซมีขนาดกลาง-ขนาดใหญ่จำนวนบีโครโมโซมที่พบสูงสุดในปลาสกุลนี้เทากับ 7 แท่ง ในปลา R. quelen จากแม่น้ำ Uberabinha ที่ศึกษาโดย Guilherme (Carvalho et al., 2008) ส่วนปลาที่จัดอยู่ในอันดับ Perciformes พบบีโครโมโซมเพียง 1 วงศ 1 คือ Cichlidae จำนวน 8 ชนิด คิดเป็นร้อยละ 11.76 ของปลาทั้งหมดที่มีบีโครโมโซม ปลาในวงศ 1 นี้มี 1 ชนิดที่เป็นปลาจากทวีปแอฟริกา คือ Haplochromis obliquidens (Poletto et al. 2010) พบบีโครโมโซมีขนาดใหญ่ส่วนชนิดอื่น ๆ บีโครโมโซม มีขนาดเล็ก ปลาอันดับ Perciformes นี้พบบีโครโมโซมสูงสุดถึง 4 แท่ง ในระยะการแบ่งเซลล์ 1 แบบไมโอซิสของปลา Gymnogeophagus balzanii (Feldberg and Bertollo, 1984) จำนวนตัวของปลาในประชากรที่ความถี่ของ บีโครโมโซมสูง เช่น ปลา Cichla spp. มีบีโครโมโซมมากถึง 4 แท่ง จากจำนวนปลา 11 ตัว คิดเป็น 36.4% (Feldberg et al., 2004) ในอันดับ Cypriniformes รายงานวามี 2 ชนิด ในวงศ 1 Cyprinidae ได้แก่ปลา Alburnus alburnus และปลา Rutilus rutilus มีบีโครโมโซมที่มีขนาดใหญ่กวาโครโมโซมแท่งอื่น ๆ จำนวนสูงสุด 2 แท่ง (Ziegler et al., 2003) ในอันดับ Cyprinodontiformes มี 2 วงศ 1 2 ชนิด ได้แก่วงศ 1 Cyprinodontidae พบในปลา Orestias chungarensis (Iturra et al., 2006) และในวงศ 1 Poeciliidae พบในปลา Poecilia formosa (Lamatsch et al., 2004) จะมีบีโครโมโซมีขนาดเล็กจำนวนสูงสุด 3 แท่ง ในอันดับ Gymnotiformes พบ 1 ชนิด ในวงศ 1 Apteronotidae คือปลา Apteronotus albifrons (Mendes et al., 2006) มีจำนวน บีโครโมโซมสูงสุด 4 แท่ง เป็นชนิดเทโลเซนทริก และอันดับ Beloniformes มีรายงานเพียง 1 ชนิด ในปลา Strongylura hubbsi (Pastori et al., 1998) และอันดับ Tetraodontiformes มีรายงานไว้ 1 ชนิด คือปลา Sphoeroides spengleri ซึ่งเป็นรายงานแรกในปลาน้ำเค็ม พบบีโครโมโซมจำนวน 2 แท่ง (Alves et al., 2008) ปลาต่างชนิดอาจมีจำนวนบีโครโมโซมเท่ากัน หรือต่างกันก็ได้ มีจำนวนบีโครโมโซมตั้งแต่ 1-8 แท่ง แต่ใน ปลา Callichthys callichthys มีจำนวนมากที่สุดถึง 16 แท่ง ขนาดของบีโครโมโซมมีความแตกต่างกัน โดยพบ ตั้งแต่โครโมโซมีขนาดใหญ่ที่พบในปลา Astyanax spp., Haplochromis obliquidens และAlburnus alburnus โครโมโซมีขนาดกลางในปลา Rhamdia spp., Characidium cf. zebra โครโมโซมีขนาดเล็ก เช่นใน ปลา Parauchenipterus galeatus, Leporinus spp. จนถึงโครโมโซมีขนาดเล็กมาก เช่นในปลา Prochilodus spp., Cichla spp. เป็นต้นและปลาชนิดเดี่ยวกัน แต่ละตัวที่พบบีโครโมโซม อาจจะมีจำนวนเท่ากัน หรือต่างกัน เป็นความผันแปรระหวางแต่ละตัว (inter individual variation) ดังภาพประกอบ 1",https://so03.tci-thaijo.org/index.php/rdirmu/article/view/211160,2019-08-28T03:04:16+0000,cover_issue_15136_en_US.jpg,วีรยุทธ สุภิวงค์,วารสารวิจัยเพื่อพัฒนาสังคมและชุมชน มหาวิทยาลัยราชภัฏมหาสารคาม
2,4185,no title,no abstract,https://li01.tci-thaijo.org/index.php/journalup/article/view/43279,2015-12-03T17:18:00+0000,cover_issue_4185_en_US.jpg,no author name,no affiliation
3,2120,no title,no abstract,https://ph01.tci-thaijo.org/index.php/psru/article/view/17052,2014-03-19T17:18:00+0000,cover_issue_2120_en_US.png,no author name,no affiliation
4,12632,ประสิทธิผลของปลาในการกินลูกน้ำยุงลาย,"การใช้ปลากินลูกน้ำยุงลายเป็นมาตรการสำคัญและเป็นวิธีหนึ่งที่ใช้ในการควบคุมโรคไข้เลือดออกที่ได้ผลดีแทนการใช้สารทีมีฟอส การศึกษาวิจัยเชิงกึ่งทดลอง (Quasi-Experimental Study) ครั้งนี้เป็นการศึกษาประสิทธิผลถึงความสามารถในการกินลูกน้ำยุงลาย  Aedes aegypti  ของปลาแต่ละชนิด ปลาที่ใช้ทดสอบมี 12 ชนิดคือ ปลานิล ปลาหางนกยูง ปลาหมอ ปลากัดจีน ปลากระดี่ ปลาสอดแดง ปลาเทวดา ปลาทอง ปลาแกมบูเซีย ปลากริม ปลาบู่ และปลาซิว ชนิดละ 3 ตัว ทำการชั่งน้ำหนักปลาทุกตัวก่อนใส่ลงในภาชนะแก้วใสทรงสี่เหลี่ยมสำหรับทดสอบที่มีน้ำปริมาตร 2 ลิตร แล้วใส่ลูกน้ำยุงลายระยะที่ 3 ตอนปลายหรือวัยที่ 4 ตอนต้นจำนวน 25 ตัวต่อครั้ง สังเกตถ้าปลากินลูกน้ำหมดก็เติมลูกน้ำลงไปเรื่อยๆ จนครบเวลา 12 ชั่วโมงตักลูกน้ำที่เหลือออก นับจำนวนลูกน้ำที่ปลากินทั้งหมดโดยเริ่มทดลองตั้งแต่เวลา 06.00-18.00 น. ทำการทดลองติดต่อกัน 5 วัน หาค่าเฉลี่ยความสามารถของปลาในการกินลูกน้ำ   ผลการทดลอง พบว่า ปลานิล ปลาหางนกยูง ปลาหมอ ปลากัดจีน ปลากระดี่ ปลาสอดแดง ปลาเทวดา ปลาทอง ปลาแกมบูเซีย ปลากริม ปลาบู่ และปลาซิว สามารถกินลูกน้ำยุงลายมีค่าเฉลี่ย 218.85, 176.15, 131.15, 120.29, 105.68, 94.60, 69.18, 65.35, 63.12, 59.33, 43.22 และ 41.29 ตัว/วัน/น้ำหนักปลา 1 กรัม ตามลำดับ ปลาที่สามารถกินลูกน้ำได้มากที่สุดคือปลานิล รองลงมาคือปลาหางนกยูง จากผลการศึกษาข้างต้นจะเห็นว่าปลาทุกชนิดมีความสามารถในการกินลูกน้ำยุงลายได้ ปริมาณการกินจำนวนมากหรือน้อยไม่ได้ขึ้นอยู่กับขนาดแต่ขึ้นอยู่กับชนิดของปลาและความสามารถในการกินเมื่อเปรียบเทียบน้ำหนักตัวเท่ากัน การศึกษาครั้งนี้ได้ข้อมูลที่มีประโยชน์ในการเลือกชนิดของปลาที่นำไปใช้ควบคุมแหล่งเพาะพันธุ์ลูกน้ำยุงลายแบบชีวภาพและเป็นทางเลือกหนึ่งที่ดีและนิยมใช้กัน   ดังนั้นการเลือกใช้ปลาควรเลือกใช้ให้เหมาะสมกับชนิดของภาชนะที่ใช้และปลาควรหาได้ง่ายในพื้นที่ ซึ่งการใช้ปลาจึงมีความปลอดภัยทั้งยังลดปริมาณการใช้สารเคมีทำให้ประหยัดงบประมาณในการซื้อสารเคมีมาใช้อีกด้วย นอกจากนั้นยังเป็นการชะลอการดื้อยาของยุงลายต่อสารเคมีในพื้นที่",https://he01.tci-thaijo.org/index.php/jdpc7kk/article/view/164459,2019-01-06T02:31:49+0000,cover_issue_12632_en_US.jpg,บุญส่ง กุลโฮง,Office of Disease Prevention and Control 6th Khon Kaen
5,11724,สัญลักษณ์ปลาในพระพุทธศาสนาเถรวาท,ปลาเป็นสัตว์เดียรัจฉานที่ปรากฏอยู่ในฐานะสัตว์ที่มีอิทธิพลต่อความคิด ความเชื่อของมนุษย์ ความเชื่อในลักษณะนี้ปรากฏในเรื่องเล่าพื้นบ้าน นิทานพื้นเมือง ตำนานปรัมปรา เทพนิยาย หรือในวรรณคดีของยุคสมัยต่างๆ ศิลปกรรมแขนงต่างๆ รวมทั้งปรากฏอยู่ในงานวรรณกรรมทางพระพุทธศาสนาด้วย และความเชื่อเรื่องปลานี้ยังปรากฏอยู่ทั่วโลกแทบทุกวัฒนธรรมทั้งฝ่ายตะวันตกและตะวันออก   ปลาในพระพุทธศาสนาฝ่ายเถรวาทนั้น ถูกนำเสนอบทบาททั้งฝ่ายบวกและฝ่ายลบ ทั้งทางตรงและทางอ้อม และถูกนำเสนอทั้งในเชิงชีวภาพ เชิงกายภาพ ที่สำคัญคือการกล่าวถึงปลาโดยใช้เป็นสิ่งอุปมาอุปไมยสื่อถึงหลักธรรมทางศาสนา ทั้งในเชิงบุคลาธิษฐาน และในเชิงธรรมาธิษฐาน นอกจากนี้ยังพบว่า ปลากลายเป็นสัญลักษณ์ของความคิด ความเชื่อทางนามธรรมในวัฒนธรรมของมนุษย์ เป็นตัวแทนของการถ่ายทอดพลังแห่งความต้องการดำรงชีวิตอยู่ของมนุษย์ เป็นตัวแทนของน้ำและการทำลายความแห้งแล้งอดอยาก เป็นอาหารและวัตถุอย่างหนึ่งที่ถูกใช้บริโภคโดยสิ่งมีชีวิตทั้งหลาย เป็นทรัพย์สินมีค่า เป็นสัญลักษณ์ของพลังอำนาจและความสำเร็จทั้งทางกายภาพและทางจิต เป็นสัญลักษณ์ของการบำเพ็ญบารมีในพระพุทธศาสนา เป็นสัญลักษณ์ของสิริมงคล เป็นสัญลักษณ์ของกิเลสตัณหา ราคะ ความอยาก กามคุณ ความโลเล ความโลภ ความขัดแย้ง ความชั่วร้ายและอำนาจฝ่ายต่ำ โดยมีความสัมพันธ์กับอบายภูมิและความทุกข์ของสัตว์ในนรก เป็นสัญลักษณ์ของความชั่วร้ายในสตรีเพศ เป็นสัญลักษณ์ของสติ การปฏิบัติธรรม ความหยั่งรู้หรือ พุทธิปัญญา วิมุติธรรม และความสามัคคี และปลายังเป็นสัตว์ศักดิ์สิทธิ์ทางศาสนาทั้งในพระพุทธศาสนาและศาสนาพราหมณ์,https://so05.tci-thaijo.org/index.php/panidhana/article/view/148167,2018-09-30T17:18:00+0000,no img,Plerngsuriyadheva Ramangkura Na Kotapura,no affiliation
6,10647,ปัญหาทางกฎหมายในการคุ้มครองสัตว์ทะเลที่เสี่ยงต่อการสูญพันธุ์ กรณีศึกษา : ปลานกแก้ว,"Parrotfish is a natural tool for restoring coral reefs and   the marine ecosystem. At present, parrotfish is caught for more consumption but breeding parrotfish is still difficult. This may result in   a rapid decline in parrotfish populations. Therefore, it is appropriate   to set policy including law enforcement with public participations   to ensure that Thai marine resources are systematically managed and maintained for the years to come.",https://so01.tci-thaijo.org/index.php/gradlawtujournal/article/view/131232,2018-06-27T17:18:00+0000,cover_issue_10647_en_US.jpg,no author name,no affiliation
7,4190,no title,no abstract,https://li01.tci-thaijo.org/index.php/journalup/article/view/42694,2015-11-18T17:18:00+0000,cover_issue_4190_en_US.jpg,no author name,no affiliation
8,15788,โรคฟรานซิสเซลโลซิสในปลา,โรคฟรานซิสเซลโลซิสในปลาจัดเป็นโรคติดเชื้อกลุ่ม emerging bacterial pathogen ที่สำคัญในปลาการแพร่ระบาดเป็นวงกว้างพบในปลาหลายชนิด เช่น ปลานิล ที่มีการเลี้ยงในแต่ละภูมิภาคของโลกรวมทั้งประเทศไทย อัตราการตายค่อนข้างสูงทำให้มีผลต่อมูลค่าทางเศรษฐกิจอย่างมาก ปลาป่วยแสดงอาการว่ายน้ำผิดปกติ เบื่ออาหาร โลหิตจาง ตาบวม พบลักษณะจุดสีขาวขนาดเล็กจำนวนมาก (multifocal white nodules) ในไตส่วนหน้าและส่วนท้าย ม้าม ร่วมกับภาวะขยายใหญ่ของไตส่วนท้ายและม้าม การรักษาควรพิจารณาด้วยความระมัดระวัง ส่วนวัคซีนที่ใช้ในการป้องกันโรคจำเป็นต้องมีการพัฒนาให้มีประสิทธิภาพ,https://li01.tci-thaijo.org/index.php/jmvm/article/view/185012,2020-01-20T15:24:45+0000,cover_issue_15788_en_US.jpg,no author name,no affiliation
9,8906,no title,no abstract,https://li01.tci-thaijo.org/index.php/rmutsb-sci/article/view/99002,2014-06-30T17:18:00+0000,cover_issue_8906_en_US.jpg,no author name,no affiliation
10,17174,The Efficiency of Catfish Processing Waste in the Formulated Diets on Cage Culture of Hybrid Catfish (Clarias macrocephalus x C. gariepinus) ประสิทธิภาพของเศษเหลือจากการแปรรูปปลาดุกในสูตรอาหารสำเร็จรูปต่อการเลี้ยงปลาดุกลูกผสม (Clarias macrocephalus x C. gariepinus) ในกระชัง,"การใช้เศษเหลือทิ้งจากการแปรรูปปลาเป็นวัตถุดิบทางเลือกในอาหารปลามีความสำคัญเนื่องจากก่อให้เกิดประโยชน์ต่อสิ่งแวดล้อมและลดต้นทุนในการเลี้ยงปลา งานวิจัยนี้จึงศึกษาประสิทธิภาพของเศษเหลือจากการแปรรูปปลาดุกลูกผสมที่ใช้เป็นแหล่งโปรตีนและไขมันในสูตรอาหารสำเร็จรูปต่อการเจริญเติบโตและทางด้านเศรษฐศาสตร์ของการเลี้ยงปลาดุกลูกผสม ( Clarias macrocephalus  x  C.   gariepinus ) ในกระชัง โดยทดลองเลี้ยงปลาดุกลูกผสมขนาด 4.4-4.5 เซนติเมตร ในกระชังขนาด 2 x 3 x 1 เมตร จำนวน 500 ตัวต่อกระชัง ด้วยอาหารเม็ดสำเร็จรูปเชิงการค้า (T1) เปรียบเทียบกับการเลี้ยงด้วยอาหารเม็ดสำเร็จรูปที่มีส่วนผสมของเศษเหลือจากการแปรรูปปลาดุกลูกผสม 25.0 เปอร์เซ็นต์ (T2) เป็นระยะเวลา 3 เดือน เมื่อสิ้นสุดการทดลอง ผลการศึกษาพบว่า T2 มีน้ำหนักเฉลี่ยสุดท้ายเท่ากับ 214.3±27.5 กรัม เปอร์เซ็นต์น้ำหนักเพิ่มขึ้นเท่ากับ 4,598.9±663.4 เปอร์เซ็นต์ น้ำหนักที่เพิ่มขึ้นเฉลี่ยต่อวันเท่ากับ 2.3±0.3 กรัมต่อวัน ซึ่งดีกว่า T1 อย่างมีนัยสำคัญทางสถิติ ( p   0.05) ที่มีน้ำหนักเฉลี่ยสุดท้ายเพียง 156.7±20.6 กรัม เปอร์เซ็นต์น้ำหนักเพิ่มขึ้นเท่ากับ 3,468.9±547.9 เปอร์เซ็นต์ น้ำหนักที่เพิ่มขึ้นเฉลี่ยต่อวันเท่ากับ 1.7±0.2 กรัมต่อวัน นอกจากนี้ยังพบว่า T2 มีอัตราการเปลี่ยนอาหารเป็นเนื้อ (1.1±0.1) ดีกว่า มีอัตรารอด (71.7±3.1 เปอร์เซ็นต์) สูงกว่า มีต้นทุนค่าอาหาร (12.18 บาทต่อปลา 1 กิโลกรัม) ถูกกว่า และมีผลตอบแทนการลงทุน (171.7±12.5 เปอร์เซ็นต์) สูงกว่า T1 อย่างมีนัยสำคัญทางสถิติ ที่มีอัตราการเปลี่ยนอาหารเป็นเนื้อสูงถึง 1.4±0.1 มีอัตรารอดเพียง 56.4±8.2 เปอร์เซ็นต์ มีต้นทุนค่าอาหาร 34.77 บาทต่อปลา 1 กิโลกรัม และมีผลตอบแทนการลงทุนเพียง 13.1±12.5 เปอร์เซ็นต์ จากผลการศึกษาแสดงให้เห็นว่า เศษเหลือจากการแปรรูปปลาดุกลูกผสมสามารถนำมาใช้เป็นแหล่งโปรตีนและไขมันในส่วนประกอบของอาหารเม็ดสำเร็จรูป เพื่อเพิ่มการเจริญเติบโต เพิ่มอัตรารอด ลดอัตราการเปลี่ยนอาหารเป็นเนื้อลดต้นทุนค่าอาหารและเพิ่มผลตอบแทนการลงทุนในการเลี้ยงปลาดุกลูกผสมในกระชังได้",https://li01.tci-thaijo.org/index.php/wichcha/article/view/248096,2021-06-14T05:04:07+0000,cover_issue_17174_en_US.jpg,ธัญญา พันธ์ฤทธิ์ดำ,สาขาวิชาวิทยาศาสตร์ชีวภาพและสิ่งแวดล้อม คณะวิทยาศาสตร์ มหาวิทยาลัยทักษิณ
num,issue_id,title,abstract_clean,article_url,issue_date_published,issue_cover_image,authors_full_name,authors_affiliation
1,3103,no title,no abstract,https://so06.tci-thaijo.org/index.php/vrurdistjournal/article/view/27784,2014-07-31T17:18:00+0000,cover_issue_3103_en_US.jpg,no author name,no affiliation
2,3814,no title,no abstract,https://li01.tci-thaijo.org/index.php/tstj/article/view/52968,2016-03-22T17:18:00+0000,cover_issue_3814_en_US.png,no author name,no affiliation
3,16915,การใช้ถั่วงอกและฟองเต้าหู้ทดแทนเนื้อหมูในผลิตภัณฑ์สาคูไส้หมู,"การวิจัยมีวัตถุประสงค์ 1) ศึกษาสมบัติทางเคมี กายภาพ ของถั่วงอกที่ผ่านกระบวนการอบ 2) ศึกษาไส้สาคูไส้หมูตำรับต้นแบบ 3) ศึกษาอัตราส่วนปริมาณถั่วงอกและฟองเต้าหู้ที่เหมาะสมที่ได้รับการยอมรับของผู้บริโภคที่มีต่อผลิตภัณฑ์สาคูไส้หมูทดแทนด้วยถั่วงอกและฟองเต้าหู้ 4) เพื่อเปรียบเทียบปริมาณคุณค่าทางโภชนาการของผลิตภัณฑ์สาคูไส้หมูที่ใช้ถั่วงอกและฟองเต้าหู้กับผลิตภัณฑ์สาคูไส้หมูจากท้องตลาด ผลการศึกษาคุณสมบัติทางเคมี ทางกายภาพ ของถั่วงอกที่ผ่านกระบวนการอบแห้ง 100 กรัม พบว่า มีความชื้น โปรตีน ไขมัน คาร์โบไฮเดรต ใยอาหาร ใยอาหารที่ละลายน้ำ ใยอาหารที่ไม่ละลายในน้ำ และเถ้า ร้อยละ 7.05, 39.30, 0.46, 45.51, 29.77, 2.64, 27.13 และ 7.68 ตามลำดับ การวิเคราะห์หาค่าสี L* มีความสว่างเท่ากับ 51.58 ค่า a* ช่วงในช่องสีแดงเท่ากับ 9.81 b* ช่องในช่องสีเหลืองเท่ากับ 31.39 ค่า Water Activity (a w ) อยู่ในระดับ 0.20 การทดสอบทางประสาทสัมผัส ด้านลักษณะปรากฏ สี กลิ่น รสชาติ และความชอบโดยรวม การศึกษาตำรับต้นแบบสาคูไส้หมูต้นแบบได้คะแนนความชอบสูงสุด ค่าระดับความชอบในทุกด้านอยู่ในระดับชอบมาก และมีคะแนนเท่ากับ 8.20 อยู่ในระดับชอบมากที่สุด การศึกษาปริมาณถั่วงอกต่อฟองเต้าหู้ที่มีการยอมรับของผู้บริโภคที่มีต่อผลิตภัณฑ์สาคูไส้หมูทดแทนด้วยถั่วงอกและฟองเต้าหู้อัตราส่วนร้อยละ 75:25 ได้รับคะแนนสูงสุด ลักษณะปรากฏ สี กลิ่น รสชาติ และความชอบโดยรวมผลปรากฏ 8.07 อยู่ในระดับชอบมากที่สุด การศึกษาการยอมรับของผู้บริโภค 100 คน ให้คะแนน ด้านลักษณะปรากฏ สี กลิ่น รสชาติ และความชอบโดยรวมผล 8.53 อยู่ในระดับชอบมากที่สุด ผลการวิเคราะห์คุณภาพ คุณสมบัติเคมี และหาการวิเคราะห์คุณค่าทางโภชนาการของผลิตภัณฑ์ ให้โปรตีน ไขมัน ใยอาหารทั้งหมด ใยอาหารที่ละลายในน้ำ ใยอาหารที่ไม่ละลายในน้ำ และ เถ้า ร้อยละ5.44, 7.73, 9.33, 1.44,7.69 และ 1.64 ตามลำดับ สรุปได้ว่า คุณค่าทางโภชนาการของสาคูไส้ถั่วงอกและฟองเต้าหู้มีคุณค่าทางโภชนาการมากกว่าสาคูไส้หมูจากท้องตลาด",https://so01.tci-thaijo.org/index.php/journaldtc/article/view/249363,2021-08-03T05:16:40+0000,cover_issue_16915_en_US.jpg,ปรีดิอร เพ็ชรใหญ่,no affiliation
4,8534,no title,no abstract,https://li01.tci-thaijo.org/index.php/tjst/article/view/106140,2017-12-19T17:18:00+0000,cover_issue_8534_en_US.jpg,no author name,no affiliation
5,16509,ผลของปุ๋ยต่อการเติบโตของไผ่มันหมู,งานวิจัยนี้มีวัตถุประสงค์เพื่อศึกษาผลของปุ๋ยเคมีต่ออัตราการเติบโตของไผ่มันหมู [ Dendrocalamus copelandii  (Gamble ex Brandis)] ระหว่างเดือนพฤศจิกายน พ.ศ. 2561 ถึงเดือนพฤษภาคม พ.ศ. 2562 โดยการเปรียบเทียบระหว่างไม่ใส่ปุ๋ยเคมี ใส่ปุ๋ยเคมีสูตร 46-0-0 ปริมาณ 20 กรัม/กระถาง/ครั้ง ใส่ปุ๋ยเคมีสูตร 16-16-16 ปริมาณ 20 กรัม/กระถาง/ครั้ง ใส่ปุ๋ยเคมีสูตร 25-7-7 ปริมาณ 20 กรัม/กระถาง/ครั้ง ใส่ปุ๋ยเคมีสูตร 46-0-0 ร่วมกับปุ๋ยสูตร 16-16-16 อย่างละ 10 กรัม/กระถาง/ครั้ง ใส่ปุ๋ยเคมีสูตร 46-0-0 ร่วมกับปุ๋ยสูตร 25-7-7 อย่างละ 10 กรัม/กระถาง/ครั้ง และใส่ปุ๋ยเคมีสูตร 16-16-16 ร่วมกับปุ๋ยสูตร 25-7-7 อย่างละ 10 กรัม/กระถาง/ครั้ง วางแผนการทดลองแบบสุ่มสมบูรณ์ (CRD) จำนวน 7 ทรีทเมนต์ มีจำนวน 3 ซ้ำ ซ้ำละ 2 กระถาง บันทึกจำนวนหน่อเกิดใหม่และเส้นผ่านศูนย์กลาง เมื่อสิ้นสุดการทดลองนำวัสดุปลูกไปวิเคราะห์ค่าการนำไฟฟ้า (EC) และค่าความเป็นกรด-ด่าง (pH) ผลการศึกษาพบว่าการใส่ปุ๋ยเคมีสูตร 46-0-0 ร่วมกับปุ๋ยสูตร 16-16-16 อย่างละ 10 กรัม/กระถาง/ครั้ง ส่งผลให้ไผ่มันหมูมีจำนวนหน่อเกิดใหม่มากที่สุด ขณะที่การใส่ปุ๋ยเคมีสูตร 16-16-16 ร่วมกับปุ๋ยสูตร 25-7-7 อย่างละ 10 กรัม/กระถาง/ครั้ง ส่งผลให้หน่อไผ่มันหมูมีเส้นผ่านศูนย์กลางยาวมากที่สุด,https://li01.tci-thaijo.org/index.php/tjst/article/view/247496,2020-10-24T19:46:43+0000,cover_issue_16509_en_US.jpg,ธัญพิสิษฐ์ พวงจิก,no affiliation
6,16714,การประเมินความร้อนและท่าทางการทำงานในการทำหมูย่างของจังหวัดตรัง,การศึกษาครั้งนี้มีวัตถุประสงค์เพื่อประเมินความร้อนและท่าทางการทำงานของคนงานที่ทำงานในโรงหมูย่างจำนวน 7 โรงในพื้นที่จังหวัดตรัง โดยการเก็บตัวอย่างความร้อนด้วยเครื่องตรวจวัดความร้อน (WBGT) และประเมินท่าทางการทำงานของคนงานในโรงหมูย่างทั้งหมด 3 ขั้นตอน คือ การกรีดเนื้อหมู การหมักหมูและการย่างหมู โดยวิธี REBA ผลการศึกษาพบว่า โรงหมูย่าง E มีค่าเฉลี่ยความร้อนสูงที่สุด ส่วนโรงหมูย่าง A มีค่าเฉลี่ยความร้อน ต่ำที่สุด โรงหมูย่างทั้งหมดมีระดับความร้อนไม่เกินเกณฑ์มาตรฐานความร้อนของกระทรวงแรงงาน การประเมิน REBA พบว่า 2 ขั้นตอน คือ การกรีดเนื้อหมูและการหมักหมูมีความเสี่ยงอยู่ในระดับปานกลาง สูงและสูงมาก ส่วนขั้นตอนการย่างหมูมีความเสี่ยงอยู่ในระดับน้อย ปานกลาง สูงและสูงมาก ท่าทางการทำงานที่มีความเสี่ยงสูงเนื่องจากความสูงของโต๊ะ พื้นและเตาถ่านไม่เหมาะสม ส่วนท่าทางการทำงานที่มีความเสี่ยงต่ำเนื่องจากมีการใช้เครนช่วยในการทำงาน ดังนั้นเพื่อป้องกันไม่ให้คนงานมีปัญหาเกี่ยวกับสุขภาพ ควรจัดให้มีระบบระบายอากาศที่เหมาะสมในโรงหมูย่าง ความสูงของสถานีงานและอุปกรณ์เหมาะสมกับความสูงของคนงาน มีการใช้อุปกรณ์เพื่อช่วยในการทำงานของคนงาน เช่น เครน ซึ่งจะช่วยให้เกิดการปรับปรุงท่าทางการทำงานที่ดีขึ้น,https://ph02.tci-thaijo.org/index.php/gskku/article/view/240732,2021-05-18T17:18:00+0000,cover_issue_16714_en_US.jpg,Pattama Senthong,ผู้ช่วยศาสตราจารย์ หลักสูตรวิทยาศาสตรบัณฑิต สาขาวิชาอาชีวอนามัยและความปลอดภัย คณะวิทยาศาสตร์และเทคโนโลยีอุตสาหกรรม มหาวิทยาลัยสงขลานครินทร์ วิทยาเขตสุราษฎร์ธานี
7,16860,กลุ่มคัดค้านการก่อสร้างฟาร์มหมูตำบลนาขอม อำเภอไพศาลี จังหวัดนครสวรรค์,งานวิจัยเรื่องกลุ่มคัดค้านการก่อสร้างฟาร์มหมูตำบลนาขอม อำเภอไพศาลี จังหวัดนครสวรรค์ มีวัตถุประสงค์เพื่อศึกษาการก่อตัวและยุทธวิธีของกลุ่มคัดค้านการก่อสร้างฟาร์มหมูตำบลนาขอม อำเภอไพศาลี จังหวัดนครสวรรค์ โดยงานวิจัยฉบับนี้เป็นงานวิจัยเชิงคุณภาพ โดยมองผ่านแนวคิดกลุ่มผลประโยชน์และแนวคิดการจัดการกับความขัดแย้งเป็นหลัก ได้ทำการเก็บข้อมูลกับกลุ่มเป้าหมายแบบเฉพาะเจาะจงจำนวน 2 กลุ่ม คือ แกนนำและสมาชิกของกลุ่มคัดค้าน    ผลการวิจัยพบว่า กลุ่มคัดค้านการก่อสร้างฟาร์มหมู เป็นกลุ่มคัดค้านขนาดเล็ก ซึ่งรวมตัวกันเฉพาะประชาชนในพื้นที่หมู่ที่ 9 เท่านั้น เพื่อคัดค้านฟาร์มหมู การรวมตัวนั้นมีจุดประสงค์หลัก 3 ประเด็น คือ 1) ประเด็นความสำคัญของพื้นที่ในการก่อสร้างฟาร์มหมู 2) ประเด็นปัญหาสิ่งแวดล้อมจากสิ่งปฏิกูลจากฟาร์มหมู และ 3) ผลกระทบต่อผลิตภัณฑ์น้ำมะม่วงหาวมะนาวโห่ กลุ่มคัดค้านจึงได้ดำเนินยุทธวิธีคัดค้านใน 2 รูปแบบ คือ 1) ยุทธวิธีตามช่องทางระบบการเมืองปกติ และ 2) ยุทธวิธีขัดขวางท้ายระบบการเมืองปกติ ทั้งนี้ กลุ่มคัดค้านได้อาศัยความสัมพันธ์ส่วนบุคคลในการเข้าพบผู้มีอำนาจทางการเมือง ตั้งแต่ระดับท้องถิ่น ระดับภูมิภาค ไปจนถึงระดับชาติ รวมถึงการใช้โซเชียลและสื่อมวลชน ในการคัดค้าน ซึ่งยุทธวิธีทั้ง 2 รูปแบบนี้ยังไม่มีประสิทธิภาพมากพอ จึงทำให้กลุ่มคัดค้านการก่อสร้างฟาร์มหมูตำบลนาขอม อำเภอไพศาลี จังหวัดนครสวรรค์ พบกับความพ่ายแพ้ทุกครั้ง,https://so04.tci-thaijo.org/index.php/JSSMBU/article/view/248907,2020-05-30T17:18:00+0000,no img,รตา อนุตตรังกูร,อาจารย์ที่ปรึกษาวิจัยและอาจารย์ประจำสาขาวิชารัฐศาสตร์ คณะมนุษยศาสตร์และสังคมศาสตร์ มหาวิทยาลัยราชภัฏนครสวรรค์.
8,3207,no title,no abstract,https://li01.tci-thaijo.org/index.php/Itech/article/view/29400,2015-01-22T02:20:51+0000,cover_issue_3207_en_US.jpg,no author name,no affiliation
9,12734,การใช้ผงมะเขือเทศและผงอังคักในผลิตภัณฑ์กุนเชียงหมู,"บทคัดย่อ    กุนเชียงเป็นผลิตภัณฑ์ไส้กรอกกึ่งแห้งชนิดหนึ่ง เมื่อผ่านกระบวนการอบแห้งผลิตภัณฑ์จะมีสีคล้ำ ผู้ประกอบการบางรายจึงใช้สีผสมอาหารสังเคราะห์ในการปรุงแต่งสีของผลิตภัณฑ์ แต่การใช้ชนิดและปริมาณสีผสมอาหารสังเคราะห์ที่ไม่เหมาะสม อาจทำให้เกิดอันตรายต่อสุขภาพของผู้บริโภคได้ ดังนั้นงานวิจัยนี้จึงได้ศึกษาชนิดและปริมาณของสีธรรมชาติ 2 ชนิด ได้แก่ ผงมะเขือเทศและผงอังคักที่เหมาะสมในผลิตภัณฑ์กุนเชียงหมู เปรียบเทียบกับสูตรควบคุมที่ไม่มีการเติมสีผสมอาหารสังเคราะห์ ผลการศึกษาพบว่าการใช้ผงมะเขือเทศและผงอังคักในผลิตภัณฑ์กุนเชียงหมูปริมาณร้อยละ 0.2, 0.4 หรือ 0.6 โดยน้ำหนักรวม ส่งผลให้ผลิตภัณฑ์มีค่าปริมาณน้ำอิสระ พีเอช ลักษณะเนื้อสัมผัสด้านความเหนียว (adhesiveness) ความยืดหยุ่น (springiness) คะแนนความชอบทางด้านลักษณะปรากฏ และคะแนนความชอบด้านเนื้อสัมผัสไม่แตกต่างจากสูตรควบคุม (p ≥ 0.05) แต่พบว่าการใช้ผงมะเขือเทศในปริมาณเพิ่มขึ้น ส่งผลให้ผลิตภัณฑ์มีคะแนนทางด้านรสชาติ กลิ่นรส ความชอบโดยรวม และค่าความสว่างลดลง ในขณะที่ค่าสีแดงและค่าสีเหลืองเพิ่มขึ้น ส่วนการใช้ผงอังคักในปริมาณเพิ่มขึ้นส่งผลให้ผลิตภัณฑ์มีค่าความสว่างลดลง ในขณะที่มีค่าสีแดง ลักษณะเนื้อสัมผัสด้านความแข็ง (hardness) ความทนทานต่อแรงกด (cohesiveness) ความยากต่อการเคี้ยว (chewiness) และความชอบโดยรวมเพิ่มขึ้น แต่ค่าสีเหลืองไม่แตกต่างจากตัวอย่างควบคุม โดยสูตรที่เสริมผงอังคักร้อยละ 0.2 โดยน้ำหนักรวมมีคะแนนความชอบโดยรวมสูงที่สุด นอกจากนี้ยังพบว่าผลิตภัณฑ์กุนเชียงหมูที่เสริมผงอังคักร้อยละ 0.2 โดยน้ำหนักรวมหรือเสริมสีผสมอาหารสังเคราะห์ร้อยละ 0.2 โดยน้ำหนักรวมมีปริมาณน้ำอิสระ ค่าสี ลักษณะเนื้อสัมผัส และคะแนนการทดสอบทางประสาทสัมผัสในทุกด้านไม่แตกต่างกัน (p ≥ 0.05)    คำสำคัญ   :  กุนเชียงหมู; ผงมะเขือเทศ; ผงอังคัก",https://li01.tci-thaijo.org/index.php/tstj/article/view/181289,2019-03-30T17:18:00+0000,cover_issue_12734_en_US.png,ชิดชนก ศุขศรีไพศาล,no affiliation
10,14770,กรณีศึกษาเครื่องฉีกเส้นหมูฝอยต้นแบบสำหรับ OTOP กลุ่มสตรีอาสาพัฒนาบ้านหนองหลวงเพื่อการส่งออกสู่ประชาคมอาเซียน,"การออกแบบและสร้างเครื่องฉีกหมูฝอยถูกสร้างขึ้นเพื่อลดเวลาและแรงงานในการฉีกเนื้อหมูฝอย จุดประสงค์เพื่อใช้ในวิสาหกิจขนาดกลางและขนาดย่อม เครื่องต้นแบบประกอบไปด้วย โครงสร้างเครื่อง ช่องใส่วัตถุดิบ ชุดส่งกำลัง ชุดใบมีด ช่องทางออกของวัตถุดิบ และระบบควบคุมการทำงาน โดยใช้มอเตอร์ที่มีกำลัง 25 W เป็นเครื่องต้นกำลัง การทำงานเป็นแบบเพลาหมุนชุดใบมีดเรียงตรง ผลทดสอบการทำงาน ความเร็วรอบในการหมุนเพลา 1,100 รอบต่อนาที สามารถผลิตหมูฝอยได้ 44 กิโลกรัมต่อวัน และจากการวิเคราะห์เชิงเศรษฐศาสตร์วิศวกรรมให้ผลที่น่าพอใจสำหรับการลงทุนในวิสาหกิจขนาดกลางและขนาดย่อม โดยมีระยะเวลาคืนทุน 0.77 ปี",https://li01.tci-thaijo.org/index.php/Itech/article/view/198586,2019-06-24T17:18:00+0000,no img,ศิริชัย ต่อสกุล,ภาควิชาวิศวกรรมอุตสาหการ คณะวิศวกรรมศาสตร์ มหาวิทยาลัยเทคโนโลยีราชมงคลธัญบุรี
11,15693,ผลของกระเทียมไทยและกระเทียมจีนต่ออัตราตายของไข่พยาธิไส้เดือนหมู,"ปัจจุบัน โรคพยาธิไส้เดือนยังเป็น ปัญหาสาธารณสุขที่สำคัญ ในหลายประเทศทั่วโลก มีรายงานพบว่า กระเทียม สามารถทำลายไข่พยาธิไส้เดือนได้ การศึกษาครั้งนี้เป็นการวิจัยเชิงทดลองแบบแฟคทอเรียล 2x5 มีวัตถุประสงค์ เพื่อศึกษาความเข้มข้นและชนิดของกระเทียมต่ออัตราตายของไข่พยาธิไส้เดือนระยะติดต่อ โดยทำการทดลอง ไข่พยาธิไส้เดือนในกระเทียมไทยและกระเทียมจีน แบ่งความเข้มข้นของกระเทียมแต่ละชนิดเป็น 5 ระดับ คือ 5%, 10%, 15%, 20% และ 25% ตรวจนับไข่พยาธิทุกวันที่ 2, 3, 5, 7, 10, 14, 18, 21, 24, 28, 35, 42, 49, 56 และ 63 สถิติที่ใช้ในการวิเคราะห์คือ การทดสอบที และการวิเคราะห์ความแปรปรวน ผลการทดลองพบว่า ความเข้มข้นและชนิดของกระเทียมมีผลต่ออัตราตายของไข่พยาธิไส้เดือนหมูและมีอิทธิพลร่วมกันระหว่างชนิดและ ความเข้มข้นของกระเทียม โดยอัตราตายของไข่พยาธิไส้เดือนหมูเพิ่มขึ้นเมื่อความเข้มข้นของกระเทียมเพิ่มขึ้น ขณะเดียวกันอัตราตายของไข่พยาธิไส้เดือนหมูในกระเทียมไทยสูงกว่ากระเทียมจีน จึงสรุปได้ว่า อัตราตายของ ไข่พยาธิไส้เดือนขึ้นอยู่กับความเข้มข้นและชนิดของกระเทียม",https://he01.tci-thaijo.org/index.php/slc/article/view/221841,2019-10-17T17:18:00+0000,cover_issue_15693_en_US.jpg,วงเดือน ปั้นดี,ภาควิชาปรสิตวิทยาและกีฏวิทยา คณะสาธารณสุขศาสตร์ มหาวิทยาลัยมหิดล
12,14193,การศึกษาระยะเวลาอบแห้งที่เหมาะสมและลักษณะทางกายภาพของหมูแผ่นอบแห้งด้วยไมโครเวฟตามด้วยอากาศร้อน,"งานวิจัยนี้มีวัตถุประสงค์เพื่อหาระยะเวลาอบแห้งที่เหมาะสมของการอบแห้งหมูแผ่นด้วยไมโครเวฟตามด้วยอากาศร้อน หาความสิ้นเปลืองพลังงานจำเพาะที่ใช้ในการอบแห้ง ศึกษาลักษณะทางกายภาพของหมูแผ่นอบแห้งด้านสีและความแข็ง และประเมินคุณภาพของหมูแผ่นอบแห้งด้านประสาทสัมผัส โดยอบแห้งหมูแผ่นขนาดพื้นที่ 50×50 ตารางมิลลิเมตร หนา 1.3 และ 2.2 มิลลิเมตร ด้วยไมโครเวฟที่กำลัง 160,320,480,640 และ 800 วัตต์ แล้วอบแห้งต่อด้วยอากาศร้อนที่ 110 องศาเซลเซียส จนความชื้นของหมูแผ่นต่ำกว่าร้อยละ 20 มาตรฐานแห้ง จากผลการทดลองพบว่า ระยะเวลาอบแห้งด้วยไมโครเวฟซึ่งทำให้ได้หมูแผ่นอบแห้งที่ไม่เกิดรอยไหม้อยู่ระหว่าง 50-600 วินาที โดยขึ้นอยู่กับระดับกำลังไมโครเวฟ และระดับความหนาหมูแผ่น และพบว่า ในช่วงการอบแห้งด้วยอากาศร้อน หมูแผ่นหนา 1.3 และ 2.2 มิลลิเมตร ใช้ระยะเวลาอบแห้ง 30 และ 45 นาที ตามลำดับ ระดับกำลังไมโครเวฟไม่มีผลต่อค่าสีแดง (ค่า a) ค่าสีเหลือง (ค่า b) ความแข็งของหมูแผ่นอบแห้ง และความสิ้นเปลืองพลังงานที่ใช้ในการอบแห้งอย่างมีนัยสำคัญทางสถิติ (P0.05) ระดับความหนาหมูแผ่นมีผลต่อค่าความสว่าง (ค่า L) ค่าสีเหลือง (ค่า b) ความแข็งของหมูแผ่นอบแห้ง และความสิ้นเปลืองพลังงานที่ใช้ในการอบแห้งอย่างมีนัยสำคัญทางสถิติ (P0.05) นอกจากนี้ยังพบว่า หมูแผ่นอบแห้งที่ได้จากงานวิจัยนี้มีคะแนนด้านประสาทสัมผัสใกล้เคียงกับหมูแผ่นอบแห้งที่จำหน่ายในท้องตลาด",https://ph02.tci-thaijo.org/index.php/RMUTP/article/view/124484,2019-05-26T17:18:00+0000,cover_issue_14193_en_US.jpg,เอก ปัญญายืน,no affiliation
13,16965,แนวทางพัฒนาคุณภาพการให้บริการร้านอาหารประเภทหมูกระทะ ของผู้ใช้บริการในเขตอำเภอเมือง จังหวัดเพชรบูรณ์,การวิจัยครั้งนี้มีวัตถุประสงค์ 1) เพื่อศึกษาพฤติกรรมผู้บริโภคร้านอาหารประเภทหมูกระทะ 2) เพื่อศึกษาความคิดเห็นของผู้บริโภคต่อคุณภาพการให้บริการร้านอาหารประเภทหมูกระทะ 3) เพื่อเปรียบเทียบคุณภาพการให้บริการจำแนกตามพฤติกรรมผู้บริโภค 4) เพื่อหาแนวทางพัฒนาคุณภาพการให้บริการร้านอาหารประเภทหมูกระทะของผู้ใช้บริการในเขตอำเภอเมือง จังหวัดเพชรบูรณ์ กลุ่มตัวอย่างคือผู้ใช้บริการจำนวน 400 คน เครื่องมือที่ใช้ คือ แบบสอบถาม สถิติที่ใช้ในการวิเคราะห์ ได้แก่ ค่าความถี่ ร้อยละ ค่าเฉลี่ย ส่วนเบี่ยงเบนมาตรฐาน การวิเคราะห์ความแปรปรวน F-test เพื่อทดสอบสมมติฐาน ผลการวิจัยพบว่าข้อมูลพฤติกรรมผู้บริโภคที่ใช้บริการส่วนใหญ่การรับประทาน/ใช้บริการร้านอาหารประเภทหมูกระทะ คือ แบบบุฟเฟต์ 1) ความคิดเห็นของผู้ใช้บริการต่อคุณภาพการให้บริการโดยรวมอยู่ในระดับมาก เมื่อพิจารณาเป็นรายด้าน พบว่า ด้านความเชื่อถือไว้วางใจได้มีค่าเฉลี่ยสูงที่สุดอยู่ในระดับมาก ส่วนความคิดเห็นที่มีค่าเฉลี่ยต่ำที่สุด ได้แก่ ด้านความเป็นรูปธรรม 2)การเปรียบเทียบคุณภาพการให้บริการ จำแนกตามพฤติกรรมผู้บริโภค พบว่า ผู้ใช้บริการด้านค่าอาหารโดยเฉลี่ยต่อครั้งในการรับประทานที่แตกต่างกัน มีความคิดเห็นต่อคุณภาพ การให้บริการไม่แตกต่างกัน ส่วนผู้ใช้บริการประเภทหมูกระทะความถี่ในการรับประทาน เหตุผลที่รับประทาน ปัญหาที่เคยใช้บริการ ร้านอาหารประเภทหมูกระทะที่รับประทาน เหตุผลที่เลือกรับประทานที่แตกต่างกัน มีความคิดเห็นต่อคุณภาพการให้บริการแตกต่างกันอย่างมีนัยสำคัญทางสถิติที่ระดับ 0.05 3) แนวทางการพัฒนาคุณภาพการให้บริการต้องให้ความสำคัญกับตัวแปรทุกด้าน ได้แก่ ด้านความเป็นรูปธรรม ด้านความเชื่อถือไว้วางใจได้ ด้านการตอบสนองต่อลูกค้า ด้านการให้ความเชื่อมั่นลูกค้า และด้านการรู้จักและเข้าใจลูกค้า,https://so04.tci-thaijo.org/index.php/neuarj/article/view/246363,2021-04-29T04:57:17+0000,no img,วศิน พรหมพิทักษ์กุล,อาจารย์ประจำหลักสูตรการจัดการดุษฎีบัณฑิต คณะการจัดการ มหาวิทยาลัยชินวัตร
14,13920,กระบวนการสร้างความสามัคคีเชิงพุทธในหมู่บ้านเชตวัน (หนองหมู) อำเภอเมือง จังหวัดลำพูน,"งานวิจัยครั้งนี้ มีวัตถุประสงค์ คือ 1) เพื่อศึกษาสภาพปัญหาและปัจจัยที่ก่อให้เกิดการขาดความสามัคคีของหมู่บ้านเชตวัน (หนองหมู) 2) เพื่อศึกษากระบวนการสร้างความสามัคคีเชิงพุทธในหมู่บ้านเชตวัน (หนองหมู) 3) เพื่อวิเคราะห์และสังเคราะห์กระบวนการสร้างความสามัคคีเชิงพุทธในหมู่บ้านเชตวัน (หนองหมู) เป็นงานวิจัยเชิงเอกสาร (Documentary Research) และวิจัยเชิงคุณภาพ (Qualitative Research)     ผลการวิจัยพบว่า       1. ปัญหาที่ก่อให้เกิดความไม่สามัคคีของหมู่บ้านเชตวัน (หนองหมู) คือ การขาดผู้นำชุมชนที่มีวิสัยทัศน์ ขาดหลักการและการกำหนดเป้าหมายของหมู่บ้าน ขาดแผนงานและโครงการ ขาดทีมงาน และขาดการประเมินผล การปฏิบัติงานที่เป็นระบบ และมีปัจจัยที่ทำให้เกิดความไม่สามัคคี เช่น ชาวบ้านไม่มีการเสียสละการทำงานของส่วนรวม, ไม่มีความอ่อนน้อมถ่อมตน และไม่มีความเกรงใจผู้อื่น เป็นต้น       2. กระบวนการสร้างความสามัคคี พบว่า ผู้ใหญ่บ้านได้รับการเลือกจากชาวบ้านทั้งหมู่บ้าน จึงทำให้ชาวบ้านได้ผู้นำที่ดี มีความรู้ มีคุณธรรม และมีความสามารถ ผู้ใหญ่บ้านได้กำหนดหลักการและเป้าหมายของหมู่บ้าน มีการจัดทำแผนงานและโครงการของหมู่บ้าน มีการจัดสร้างทีมงาน เป็นกลุ่มผู้ปฏิบัติงานในหน้าที่ต่าง ๆ และ มีการประเมินผลการปฏิบัติงานอย่างเป็นระบบ จึงทำให้ชาวบ้านมีความสามัคคีกัน ช่วยกันทำงานเป็นหมู่เป็นคณะ แม้ว่างานจะยาก ก็ช่วยกันคิดช่วยกันทำ ช่วยกันแก้ปัญหาร่วมกัน และยังนำหลักธรรมมาเสริมสร้างความสามัคคีให้เกิดแก่ชุมชน เช่น หลักสาราณียธรรม หลักสังคหวัตถุ และหลักอปริหานิยธรรม เป็นต้น      3. วิเคราะห์และสังเคราะห์กระบวนการสร้างความสามัคคีเชิงพุทธในหมู่บ้านเชตวัน (หนองหมู) พบว่า 1) ต้องมีผู้นำที่ดี 2) มีหลักการที่ 3) มีแผนงานที่ 4) มีทีมงานที่ดี และ 5) มีการประเมินผลที่ดี",https://so03.tci-thaijo.org/index.php/JMND/article/view/206995,2019-09-21T17:18:00+0000,cover_issue_13920_en_US.jpg,จินดาวรรณ กาญจนภานุพันธ์,มหาวิทยาลัยมหาจุฬาลงกรณราชวิทยาลัย วิทยาเขตเชียงใหม่
15,6830,no title,no abstract,https://ph01.tci-thaijo.org/index.php/rmutijo/article/view/73628,2016-12-29T02:57:31+0000,cover_issue_6830_en_US.jpg,no author name,no affiliation
16,2268,no title,no abstract,https://li01.tci-thaijo.org/index.php/scimsujournal/article/view/19331,2015-10-28T05:16:36+0000,cover_issue_2268_en_US.jpg,no author name,no affiliation
17,16944,ประสิทธิภาพของสารกำจัดวัชพืชบางชนิดต่อการควบคุมแห้วหมู และความเป็นพิษต่อข้าวโพด,"แห้วหมูจัดเป็นวัชพืชข้ามปีขยายพันธุ์ด้วยหัวใต้ดินที่ซึ่งถูกจัดเป็นวัชพืชแรงร้ายที่ระบาดและกำจัดอย่างสิ้นเชิงได้ยากในแปลงปลูกข้าวโพดหวานทำให้ผลผลิตและคุณภาพลดลง โดยทั่วไปการจัดการวัชพืชด้วยสารกำจัดวัชพืชนับว่าเป็นวิธีที่มีประสิทธิภาพมากที่สุด ทั้งสะดวก รวดเร็ว และคุ้มค่า อย่างไรก็ตามควรเลือกชนิดของวัชพืชที่มีประสิทธิภาพในการควบคุมวัชพืชเป้าหมายและไม่เป็นพิษต่อพืชประธาน งานวิจัยมีวัตถุประสงค์เพื่อศึกษาผลของสารกำจัดวัชพืชประเภทก่อนงอกและหลังงอกบางชนิดต่อการควบคุมแห้วหมูและความเป็นพิษต่อข้าวโพดหวาน สารกำจัดวัชพืชประเภทก่อนงอก ได้แก่ สาร  acetochlor  อัตรา 240 ,  300 ,  360 กรัมสารออกฤทธิ์ / ไร่  sulfenthazone  อัตรา 57.6 ,  96 ,  134 .4  กรัมสารออกฤทธิ์ / ไร่ และ  imazapic  อัตรา 12 ,  1 8,  24 กรัมสารออกฤทธิ์ / ไร่ และสารกำจัดวัชพืชประเภทหลังวัชพืชงอก ได้แก่  temdotrione  อัตรา 8.4 ,  16.8 ,  25.2 กรัมสารออกฤทธิ์ / ไร่  triclopyr  44.8 ,  67.2 ,  89.6 กรัมสารออกฤทธิ์ 2,4- D-dimethylammonium  อัตรา 44.8 ,  67.2 ,  89.6 กรัมสารออกฤทธิ์ / ไร่ และ  halosulfuron-methyl  อัตรา 3 ,  6 ,  12 กรัมสารออกฤทธิ์ / ไร่ วางแผนการทดลองแบบสุ่มในบล็อกสมบูรณ์ 4 ซ้ำ ทดสอบในกระถางทดลองภายใต้โรงเรือนทดลอง ผลการทดลองพบว่า สารกำจัดวัชพืชประเภทก่อนวัชพืชงอก  acetochlor  ทุกอัตรา ให้ผลในการควบคุมแห้วหมูได้ดีที่สุด รองลงมาคือ  sulfentrazone  และ  imazapic  ตามลำดับ และมีความเป็นพิษต่อข้าวโพดหวานเล็กน้อย สารกำจัดวัชพืชประเภทหลังงอก พบว่า สาร 2,4- D - dimethylammonium  และ  triclopyr  มีประสิทธิภาพในการควบคุมแห้วหมูได้ดีที่สุด รองลงมาคือ  halosulfuron-methyl  และ  temdotrione  ตามลำดับ และไม่มีความเป็นพิษต่อข้าวโพดหวาน ผลการทดลองแสดงให้เห็นว่าสารกำจัดวัชพืชดังกล่าวข้างต้นจะเป็นตัวเลือกในการควบคุมแห้วหมูในแปลงข้าวโพดหวาน และเป็นข้อมูลพื้นฐานการทดสอบในระดับแปลงทดลองต่อไป",https://li01.tci-thaijo.org/index.php/aginujournal/article/view/247995,2020-11-24T14:50:20+0000,cover_issue_16944_en_US.jpg,ธนัชสัณห์ พูนไพบูลย์พิพัฒน์,คณะเกษตรศาสตร์ ทรัพยากรธรรมชาติและสิ่งแวดล้อม มหาวิทยาลัยนเรศวร
18,14026,การออกแบบและพัฒนาเครื่องทอดหมูฝอยต้นแบบสำหรับ OTOP กลุ่มสตรี อาสาพัฒนาบ้านหนองหลวงเพื่อการส่งออกสู่ประชาคมอาเซียน,เครื่องทอดหมูฝอยถูกออกแบบและสร้างขึ้นเพื่อศึกษาและพัฒนากระบวนการผลิตหมูฝอยให้มีคุณภาพอำนวยความสะดวก ลดการใช้งาน และลดต้นทุนในการทอดหมูฝอย สำหรับใช้ในวิสาหกิจขนาดกลางและขนาดย่อมที่แปรรูปหมูฝอยจำหน่าย เครื่องต้นแบบประกอบไปด้วย โครงสร้างเครื่อง หม้อนํ้ามันขนาดเส้นผ่านศูนย์กลาง 300 มิลลิเมตร ลึก 200 มิลลิเมตร หม้อตะแกรงทอดขนาดเส้นผ่านศูนย์กลาง 240 มิลลิเมตร ลึก 170 มิลลิเมตร ชุดใบกวนมีรัศมี 220 มิลลิเมตร ใช้มอเตอร์ขนาด 25 วัตต์เป็นต้นกำลังใช้ความร้อนจากเตาแก๊สโดยใช้แก๊ส LPG เป็นเชื้อเพลิง การทำงานของเครื่องโดยเริ่มจากการเทนํ้ามันลงไปในหม้อนํ้ามัน เปิดแก๊สแล้วจุดไฟหลังจากนั้นรอให้นํ้ามันร้อนตามอุณหภูมิที่กำหนดจากนั้นใส่หมูฝอยลงในนํ้ามัน และทำการเปิดมอเตอร์ใบกวน เมื่อหมูฝอยสุกได้ที่ก็จะยกตะแกรงทอดออกจากผลการทดลองเครื่องต้นแบบสามารถทำงานได้ดีที่อุณหภูมิ 121 - 130 องศาเซลเซียส โดยการทอดแบบนํ้ามันผ่านการกรอง มีความสามารถในการทอดหมูฝอย 3 กิโลกรัม ด้วยเวลา 16 นาที สามารถใช้นํ้ามันทอดซํ้าได้ถึง 13 ครั้ง โดยที่ปริมาณสารโพลาร์ไม่เกิน 25 เปอร์เซ็นต์ ทำให้ได้หมูฝอยที่มีคุณภาพและปลอดภัยต่อผู้บริโภค และยังสามารถลดความเมื่อยล้าจากการทอดด้วยวิธีเดิม,https://ph01.tci-thaijo.org/index.php/rmutijo/article/view/187659,2019-04-29T17:18:00+0000,cover_issue_14026_en_US.jpg,ศิริชัย ต่อสกุล,no affiliation
19,8050,ข้อจำกัดด้านกฎหมายและการจัดการปัญหาการปนเปื้อนสารเบต้าอะโกนิสต์ ในเนื้อหมู พี้นที่จังหวัดระยอง,"บทนำ:  ประเทศไทยมีการใช้สารกลุ่มเบต้าอะโกนิสต์ เช่น Clenbuterol, Salbutamol เติมลงในอาหาร ที่ใช้เลี้ยงหมู เพื่อใช้ “เร่งเนื้อแดง"" ให้เนื้อหมูมีมันน้อย น่ากินและได้ราคาดี เกิดผลเสียต่อสุขภาพของผู้บริโภค ทั้งที่มีกฎหมายห้ามใช้สารกลุ่มเบต้าอะโกนิสต์ในการผลิตอาหารสัตว์โดยเด็ดขาด แม้การบังคับใช่กฎหมาย ในจังหวัดระยองจะสามารถลดปัญหานี้ได้ แต่ก็เกิดปัญหาจากการบังคับใช่กฎหมาย เช่น เกิดข้อร้องเรียนเรื่อง ความไม่เป็นธรรม การไม่ลงโทษผู้ผลิตในระดับฟาร์มเลี้ยง เป็นต้น การศึกษาครั้งนี้มีวัตถุประสงค์เพื่อศึกษา ข้อจำกัดด้านความครอบคลุมของกฎหมาย การนำข้อกฎหมายมาบังคับใช้อย่างมีประสิทธิภาพ รวมถึงมาตรการอื่น ๆ ที่นำมาใช้จัดการปัญหาการปนเปือนสารเบต้าอะโกนิสต์ในเนื้อหมู พื้นที่จังหวัดระยอง  วิธีดำเนินการวิจัย:  เป็นการวิจัยเชิงคุณภาพ ใช้วิธีการสัมภาษณ์เชิงลึก จากกลุ่มตัวอย่างผู้ที่มีส่วนเกี่ยวข้อง กับปัญหาการพบสารเบต้าอะโกนิสต์ในเนื้อหมูในจังหวัดระยอง ได้แก่ ผู้เลี้ยงหมู ผู้ดูแลระบบโรงฆ่า ผู้ส่งหมู ผู้ค้าเนื้อหมู นักวิชาการจากสำนักงานปศุสัตว์จังหวัดและสำนักงานสาธารณสุขจังหวัด นิติกร อัยการ อาสาสมัครสาธารณสุข และรองผู้ว่าราชการจังหวัดระยอง รวมจำนวน ๔๗ คน รวมถึงการรวบรวม ข้อเท็จจริงและข้อคิดเห็นจากการประชุม ดำเนินการระหว่างเดือนกันยายน พ.ศ.๒๔๔๙ ถึงเดือนมกราคม พ.ศ.๒๔๖๐  ผลการวิจัย:  พบว่าผู้เลี้ยงหมูมักผสมสารเร่งเนื้อแดงในช่วงที่หมูมีน้ำหนักตัว ๖๐ กิโลกรัมขึ้นไป การพัฒนาฟาร์มเลี้ยงเป็นฟาร์มมาตรฐานเป็นเพียงมาตรการภาคสมัครใจ การขนย้ายหมูจากฟาร์มไปยังโรงฆ่าภายจังหวัดจะต้องขอใบขนย้าย (ร.๔) และบอกแหล่งที่มาของหมู ในขณะที่การการขนย้ายภายในจังหวัดตามกฎหมายจะไม่บังคับให้ต้องขอใบขนย้าย (ร.๓) และมาตรการบังคับใช้กฎหมายโดยการเปรียบเทียบปรับต่อผู้จำหน่ายเนื้อหมูที่พบสารเร่งเนื้อแดงสามารถลดปัญหาการปนเปื้อนสารเบต้าอะโกนิสต์ ในเนื้อหมูลงได้อย่างชัดเจน  สรุปผลการวิจัย:  ข้อจำกัดด้านกฎหมายที่พบ ได้แก่ การไม่บังคับให้ฟาร์มลี้ยงหมูทุกแห่ง ต้องมีระบบการจัดการฟาร์มที่ดี ที่เรียกว่า “ฟาร์มมาตรฐาน และการขนยายหมูภายในจังหวัดไป ยังโรงฆ่าไม่ถูกบังคับให้ต้องขอใบขนยายสัตว์ (ร.๓ หรือ ร.๔) ส่วนมาตรการจัดการปัญหาของจังหวัดระยองที่อาจนำไปปรับใช้ในพื้นที่อื่น ๆ ได้แก่ ๑) การบังคับใช้กฎหมายที่มีอยู่อย่างเข้มงวด ๒) การกำหนดให้การขนย้ายหมูไปยังโรงฆ่าต้องขอใบขนย้าย (ร.๓หรือ ร.๔) ทุกกรณี ๓) การจัดการปัญหาให้ไปถึงระดับต้นน้ำคือ ฟาร์มเลี้ยงด้วย ๔) การแจ้งแหล่งซื้อหมูที่ปลอดภัยให้ผู้จำหน่ายเนื้อหมูรายย่อยทราบ และ ๔) ให้ความรู้กับประชาชนในการเลือกซื้อเนื้อหมูที่ปลอดภัย โดยเลือกซื้อจากร้านที่ได้มาตรฐานรับรอง เช่น ป้าย “ปศุสัตว์ OK"" หรือ ป้าย “Food Safety”",https://he01.tci-thaijo.org/index.php/IJPS/article/view/88610,2017-06-02T17:18:00+0000,no img,วันชัย นนทกิจไพศาล,กลุ่มงานคุ้มครองผู้บริโภคและเภสัชสาธารณสุข สำนักงานสาธารณสุขจังหวัดระยอง
20,8050,ข้อจำกัดด้านกฎหมายและการจัดการปัญหาการปนเปื้อนสารเบต้าอะโกนิสต์ในเนื้อหมูพี้นที่จังหวัดระยอง,"บทนำ:  ประเทศไทยมีการใช้สารกลุ่ม เบต้าอะโกนิสต์ เช่น Clenbuterol, Salbutamol เติมลงในอาหาร ที่ใช้เลี้ยงหมู เพื่อใช้ “เร่งเนื้อแดง” ให้เนื้อหมูมีมันน้อย น่ากินและได้ราคาดี เกิดผลเสียต่อสุขภาพของผู้บริโภค ทั้งที่มีกฎหมายห้ามใช้สารกลุ่มเบต้าอะโกนิสต์ ในการผลิตอาหารสัตว์โดยเด็ดขาด แม้การบังคับใช้กฎหมาย ในจังหวัดระยองจะสามารถลดปัญหานี้ได้ แต่ก็เกิดปัญหาจากการบังคับใช้กฎหมาย เช่น เกิดข้อร้องเรียนเรื่องความไม่เป็นธรรม การไม่ลงโทษผู้ผลิตในระดับฟาร์มเลี้ยง เป็นต้น การศึกษาครั้งนี้มีวัตถุประสงค์เพื่อศึกษา ข้อจำกัดด้านความครอบคลุมของกฎหมาย การนำข้อกฎหมายมาบังคับใช้อย่างมีประสิทธิภาพ รวมถึง มาตรการอื่นๆ ที่นำมาใช้จัดการปัญหาการปนเปื้อนสารเบต้าอะโกนิสต์ในเนื้อหมู พื้นที่จังหวัดระยอง  วิธีดำเนินการวิจัย:  เป็นการวิจัยเชิงคุณภาพ ใช่วิธีการสัมภาษณ์เชิงลึก จากกลุ่มตัวอย่างผู้ที่มีส่วนเกี่ยวช้อง กับปัญหาการพบสารเบต้าอะโกนิสต์ในเนื้อหมูในจังหวัดระยอง ได้แก่ ผู้เลี้ยงหมู ผู้ดูแลระบบโรงฆ่า ผู้ส่งหมู ผู้ค้าเนื้อหมู นักวิชาการจากสำนักงานปศุสัตว์จังหวัดและสำนักงานสาธารณสุขจังหวัด นิติกร อัยการ-อาสาสมัครสาธารณสุข และรองผู้ว่าราชการจังหวัดระยอง รวมจำนวน ๔๗ คน รวมถึงการรวบรวมข้อเท็จจริงและข้อคิดเห็นจากการประชุม ดำเนินการระหว่างเดือนกันยายน พ.ศ.๒๕๕๙ ถึงเดือนมกราคม พ.ศ.๒๕๖๐  ผลการวิจัย:  พบว่าผู้เลี้ยงหมูมักผสมสารเร่งเนื้อแดงในช่วงที่หมูมีนํ้าหนักตัว ๖๐ กิโลกรัมขึ้นไป การพัฒนาฟาร์มเลี้ยงเป็นฟาร์มมาตรฐานเป็นเพียงมาตรการภาคสมัครใจ การขนย้ายหมูจากฟาร์มไปยังโรง ฆ่าภายระหว่างจังหวัดจะต้องขอใบขนย้าย (ร.๔) และบอกแหล่งที่มาของหมู ในขณะที่การการขนย้ายภายใน จังหวัดตามกฎหมายจะไม่บังคับให้ต้องขอใบขนย้าย (ร.๓) และมาตรการบังคับใช้กฎหมายโดยการเปรียบเทียบปรับต่อผู้จำหน่ายเนื้อหมูที่พบสารเร่งเนื้อแดงสามารถลดปัญหาการปนเปื้อนสารเบต้าอะโกนิสต์ ในเนื้อหมูลงได้อย่างชัดเจน  สรุปผลการวิจัย:  ข้อจำกัดด้านกฎหมายที่พบ ได้แก่ การไม่บังคับให้ฟาร์มลี้ยง หมูทุกแห่ง ต้องมีระบบการจัดการฟาร์มที่ดี ที่เรียกว่า “ฟาร์มมาตรฐาน และการขนย้ายหมูภายในจังหวัดไป ยังโรงฆ่าไม่ถูกบังคับให้ต้องขอใบขนย้ายสัตว์ (ร.๓ หรือ ร.๔) ส่วนมาตรการจัดการปัญหาของจังหวัดระยองที่ อาจนำไปปรับใช้ในพื้นที่อื่นๆ ได้แก่ ๑) การบังคับใช้กฎหมายที่มีอยู่อย่างเข้มงวด ๒) การกำหนดให้การขน ย้ายหมูไปยังโรงฆ่าต้องขอใบขนย้าย (ร.๓หรือ ร.๔) ทุกกรณี ๓) การจัดการปัญหาให้ไปถึงระดับต้นน้ำคือ ฟาร์มเลี้ยงด้วย ๔) การแจ้งแหล่งชื้อหมูที่ปลอดภัยให้ผู้จำหน่ายเนื้อหมูรายย่อยทราบ และ ๕) ให้ความรู้กับ ประชาชนในการเลือกชื้อเนื้อหมูที่ปลอดภัย โดยเลือกชื้อจากร้านที่ได้มาตรฐานรับรอง เช่น ป้าย “ปศุสตว์ 0K” หรือ ป้าย “Food Safety”",https://he01.tci-thaijo.org/index.php/IJPS/article/view/88936,2017-06-02T17:18:00+0000,no img,วันชัย นนทกิจไพศาล,กลุ่มงานคุ้มครองผู้บริโภคและเภสัชสาธารณสุข สำนักงานสาธารณสุขจังหวัดระยอง จ.ระยอง 21000
